ISO-10303-21;
HEADER;
/* Generated by software containing ST-Developer
 * from STEP Tools, Inc. (www.steptools.com) 
 */

FILE_DESCRIPTION(
/* description */ (''),
/* implementation_level */ '2;1');

FILE_NAME(
/* name */ 'C:/Users/brent/Downloads/runcam_nano2_fpv_camera.step',
/* time_stamp */ '2020-04-08T01:29:27-07:00',
/* author */ (''),
/* organization */ (''),
/* preprocessor_version */ 'ST-DEVELOPER v18',
/* originating_system */ 'Autodesk Translation Framework v8.12.0.6',
/* authorisation */ '');

FILE_SCHEMA (('AUTOMOTIVE_DESIGN { 1 0 10303 214 3 1 1 }'));
ENDSEC;

DATA;
#10=MECHANICAL_DESIGN_GEOMETRIC_PRESENTATION_REPRESENTATION('',(#14,#15,
#16),#2335);
#11=SHAPE_REPRESENTATION_RELATIONSHIP('SRR','None',#2342,#12);
#12=ADVANCED_BREP_SHAPE_REPRESENTATION('',(#17,#18,#19),#2334);
#13=(
BOUNDED_SURFACE()
B_SPLINE_SURFACE(2,2,((#2257,#2258,#2259,#2260,#2261,#2262,#2263,#2264,
#2265),(#2266,#2267,#2268,#2269,#2270,#2271,#2272,#2273,#2274),(#2275,#2276,
#2277,#2278,#2279,#2280,#2281,#2282,#2283)),.UNSPECIFIED.,.F.,.T.,.F.)
B_SPLINE_SURFACE_WITH_KNOTS((3,3),(3,2,2,2,3),(1.3464637571714,1.57844264803368),
(-3.14159265358979,-1.5707963267949,0.,1.5707963267949,3.14159265358979),
 .UNSPECIFIED.)
GEOMETRIC_REPRESENTATION_ITEM()
RATIONAL_B_SPLINE_SURFACE(((1.,0.707106781186548,1.,0.707106781186548,1.,
0.707106781186548,1.,0.707106781186548,1.),(0.993280762478361,0.702355562770594,
0.993280762478361,0.702355562770594,0.993280762478361,0.702355562770594,
0.993280762478361,0.702355562770594,0.993280762478361),(1.,0.707106781186548,
1.,0.707106781186548,1.,0.707106781186548,1.,0.707106781186548,1.)))
REPRESENTATION_ITEM('')
SURFACE()
);
#14=STYLED_ITEM('',(#2352),#17);
#15=STYLED_ITEM('',(#2351),#18);
#16=STYLED_ITEM('',(#2353),#19);
#17=MANIFOLD_SOLID_BREP('Body2',#938);
#18=MANIFOLD_SOLID_BREP('Body8',#939);
#19=MANIFOLD_SOLID_BREP('Body9',#940);
#20=FACE_BOUND('',#228,.T.);
#21=FACE_BOUND('',#231,.T.);
#22=FACE_BOUND('',#238,.T.);
#23=FACE_BOUND('',#241,.T.);
#24=SPHERICAL_SURFACE('',#990,13.);
#25=SPHERICAL_SURFACE('',#1023,13.);
#26=TOROIDAL_SURFACE('',#973,6.4,0.75);
#27=TOROIDAL_SURFACE('',#981,6.4,0.75);
#28=TOROIDAL_SURFACE('',#1005,10.3889369157249,0.75);
#29=TOROIDAL_SURFACE('',#1007,10.3889369157249,0.75);
#30=TOROIDAL_SURFACE('',#1010,10.3889369157249,0.75);
#31=TOROIDAL_SURFACE('',#1012,10.3889369157249,0.75);
#32=TOROIDAL_SURFACE('',#1016,10.3889369157249,0.75);
#33=TOROIDAL_SURFACE('',#1019,10.3889369157249,0.75);
#34=B_SPLINE_SURFACE_WITH_KNOTS('',3,3,((#1384,#1385,#1386,#1387),(#1388,
#1389,#1390,#1391),(#1392,#1393,#1394,#1395),(#1396,#1397,#1398,#1399),
(#1400,#1401,#1402,#1403)),.UNSPECIFIED.,.F.,.F.,.F.,(4,1,4),(4,4),(0.,
0.5,1.),(0.,0.0496958763508626),.UNSPECIFIED.);
#35=B_SPLINE_SURFACE_WITH_KNOTS('',3,3,((#1412,#1413,#1414,#1415,#1416,
#1417),(#1418,#1419,#1420,#1421,#1422,#1423),(#1424,#1425,#1426,#1427,#1428,
#1429),(#1430,#1431,#1432,#1433,#1434,#1435),(#1436,#1437,#1438,#1439,#1440,
#1441)),.UNSPECIFIED.,.F.,.F.,.F.,(4,1,4),(4,1,1,4),(0.,0.5,1.),(0.,0.230301616968635,
0.383836028281059,0.537370439593482),.UNSPECIFIED.);
#36=B_SPLINE_SURFACE_WITH_KNOTS('',3,3,((#1450,#1451,#1452,#1453),(#1454,
#1455,#1456,#1457),(#1458,#1459,#1460,#1461),(#1462,#1463,#1464,#1465),
(#1466,#1467,#1468,#1469)),.UNSPECIFIED.,.F.,.F.,.F.,(4,1,4),(4,4),(0.,
0.5,1.),(0.593225914386447,0.642915896720382),.UNSPECIFIED.);
#37=B_SPLINE_SURFACE_WITH_KNOTS('',3,3,((#1476,#1477,#1478,#1479),(#1480,
#1481,#1482,#1483),(#1484,#1485,#1486,#1487),(#1488,#1489,#1490,#1491),
(#1492,#1493,#1494,#1495)),.UNSPECIFIED.,.F.,.F.,.F.,(4,1,4),(4,4),(0.,
0.5,1.),(0.,0.0194562045431585),.UNSPECIFIED.);
#38=B_SPLINE_SURFACE_WITH_KNOTS('',3,3,((#1506,#1507,#1508,#1509),(#1510,
#1511,#1512,#1513),(#1514,#1515,#1516,#1517),(#1518,#1519,#1520,#1521),
(#1522,#1523,#1524,#1525)),.UNSPECIFIED.,.F.,.F.,.F.,(4,1,4),(4,4),(0.,
0.5,1.),(0.,0.0194561337499034),.UNSPECIFIED.);
#39=B_SPLINE_SURFACE_WITH_KNOTS('',3,3,((#1532,#1533,#1534,#1535),(#1536,
#1537,#1538,#1539),(#1540,#1541,#1542,#1543),(#1544,#1545,#1546,#1547),
(#1548,#1549,#1550,#1551)),.UNSPECIFIED.,.F.,.F.,.F.,(4,1,4),(4,4),(0.,
0.5,1.),(0.,0.0496958763508683),.UNSPECIFIED.);
#40=B_SPLINE_SURFACE_WITH_KNOTS('',3,3,((#1558,#1559,#1560,#1561,#1562,
#1563),(#1564,#1565,#1566,#1567,#1568,#1569),(#1570,#1571,#1572,#1573,#1574,
#1575),(#1576,#1577,#1578,#1579,#1580,#1581),(#1582,#1583,#1584,#1585,#1586,
#1587)),.UNSPECIFIED.,.F.,.F.,.F.,(4,1,4),(4,1,1,4),(0.,0.5,1.),(0.,0.230301616968635,
0.383836028281059,0.537370439593482),.UNSPECIFIED.);
#41=B_SPLINE_SURFACE_WITH_KNOTS('',3,3,((#1596,#1597,#1598,#1599),(#1600,
#1601,#1602,#1603),(#1604,#1605,#1606,#1607),(#1608,#1609,#1610,#1611),
(#1612,#1613,#1614,#1615)),.UNSPECIFIED.,.F.,.F.,.F.,(4,1,4),(4,4),(0.,
0.5,1.),(0.593225914386451,0.642915896720387),.UNSPECIFIED.);
#42=B_SPLINE_SURFACE_WITH_KNOTS('',3,3,((#1622,#1623,#1624,#1625),(#1626,
#1627,#1628,#1629),(#1630,#1631,#1632,#1633),(#1634,#1635,#1636,#1637),
(#1638,#1639,#1640,#1641)),.UNSPECIFIED.,.F.,.F.,.F.,(4,1,4),(4,4),(0.,
0.5,1.),(0.,0.0194562045431584),.UNSPECIFIED.);
#43=B_SPLINE_SURFACE_WITH_KNOTS('',3,3,((#1652,#1653,#1654,#1655),(#1656,
#1657,#1658,#1659),(#1660,#1661,#1662,#1663),(#1664,#1665,#1666,#1667),
(#1668,#1669,#1670,#1671)),.UNSPECIFIED.,.F.,.F.,.F.,(4,1,4),(4,4),(0.,
0.5,1.),(0.,0.0194562045431579),.UNSPECIFIED.);
#44=B_SPLINE_SURFACE_WITH_KNOTS('',3,3,((#1676,#1677,#1678,#1679,#1680,
#1681),(#1682,#1683,#1684,#1685,#1686,#1687),(#1688,#1689,#1690,#1691,#1692,
#1693),(#1694,#1695,#1696,#1697,#1698,#1699),(#1700,#1701,#1702,#1703,#1704,
#1705)),.UNSPECIFIED.,.F.,.F.,.F.,(4,1,4),(4,1,1,4),(0.,0.571428571428571,
1.),(-0.915452475241069,-0.392336775103323,0.130778925034422,0.91545247524104),
 .UNSPECIFIED.);
#45=B_SPLINE_SURFACE_WITH_KNOTS('',3,3,((#1720,#1721,#1722,#1723),(#1724,
#1725,#1726,#1727),(#1728,#1729,#1730,#1731),(#1732,#1733,#1734,#1735)),
 .UNSPECIFIED.,.F.,.F.,.F.,(4,4),(4,4),(0.,1.),(0.121510221964879,0.254476416603002),
 .UNSPECIFIED.);
#46=B_SPLINE_SURFACE_WITH_KNOTS('',3,3,((#1756,#1757,#1758,#1759),(#1760,
#1761,#1762,#1763),(#1764,#1765,#1766,#1767),(#1768,#1769,#1770,#1771)),
 .UNSPECIFIED.,.F.,.F.,.F.,(4,4),(4,4),(0.,1.),(1.22305504227294,1.35602123691106),
 .UNSPECIFIED.);
#47=B_SPLINE_SURFACE_WITH_KNOTS('',3,3,((#1783,#1784,#1785,#1786,#1787,
#1788,#1789,#1790),(#1791,#1792,#1793,#1794,#1795,#1796,#1797,#1798),(#1799,
#1800,#1801,#1802,#1803,#1804,#1805,#1806),(#1807,#1808,#1809,#1810,#1811,
#1812,#1813,#1814),(#1815,#1816,#1817,#1818,#1819,#1820,#1821,#1822)),
 .UNSPECIFIED.,.F.,.F.,.F.,(4,1,4),(4,1,1,2,4),(0.,0.5,1.),(2.43164739438612E-17,
0.0163867624230818,0.0245801436346227,0.0409669060577045,0.0413589603749154),
 .UNSPECIFIED.);
#48=B_SPLINE_SURFACE_WITH_KNOTS('',3,3,((#1843,#1844,#1845,#1846,#1847,
#1848,#1849,#1850),(#1851,#1852,#1853,#1854,#1855,#1856,#1857,#1858),(#1859,
#1860,#1861,#1862,#1863,#1864,#1865,#1866),(#1867,#1868,#1869,#1870,#1871,
#1872,#1873,#1874),(#1875,#1876,#1877,#1878,#1879,#1880,#1881,#1882)),
 .UNSPECIFIED.,.F.,.F.,.F.,(4,1,4),(4,1,1,2,4),(0.,0.5,1.),(0.,0.0163867378022159,
0.0245801067033239,0.0409668445055398,0.0413589589984171),.UNSPECIFIED.);
#49=B_SPLINE_SURFACE_WITH_KNOTS('',3,3,((#1900,#1901,#1902,#1903,#1904,
#1905,#1906,#1907),(#1908,#1909,#1910,#1911,#1912,#1913,#1914,#1915),(#1916,
#1917,#1918,#1919,#1920,#1921,#1922,#1923),(#1924,#1925,#1926,#1927,#1928,
#1929,#1930,#1931),(#1932,#1933,#1934,#1935,#1936,#1937,#1938,#1939)),
 .UNSPECIFIED.,.F.,.F.,.F.,(4,1,4),(4,1,1,2,4),(0.,0.5,1.),(2.43164739438612E-17,
0.0163867624230729,0.0245801436346093,0.0409669060576822,0.0413589603749155),
 .UNSPECIFIED.);
#50=B_SPLINE_SURFACE_WITH_KNOTS('',3,3,((#1959,#1960,#1961,#1962,#1963,
#1964,#1965,#1966),(#1967,#1968,#1969,#1970,#1971,#1972,#1973,#1974),(#1975,
#1976,#1977,#1978,#1979,#1980,#1981,#1982),(#1983,#1984,#1985,#1986,#1987,
#1988,#1989,#1990),(#1991,#1992,#1993,#1994,#1995,#1996,#1997,#1998)),
 .UNSPECIFIED.,.F.,.F.,.F.,(4,1,4),(4,1,1,2,4),(0.,0.5,1.),(0.,0.0163867378022159,
0.0245801067033239,0.0409668445055398,0.0413589589984171),.UNSPECIFIED.);
#51=B_SPLINE_SURFACE_WITH_KNOTS('',3,3,((#2018,#2019,#2020,#2021),(#2022,
#2023,#2024,#2025),(#2026,#2027,#2028,#2029),(#2030,#2031,#2032,#2033),
(#2034,#2035,#2036,#2037)),.UNSPECIFIED.,.F.,.F.,.F.,(4,1,4),(4,4),(0.,
0.571428571428571,1.),(0.,0.167933846810737),.UNSPECIFIED.);
#52=B_SPLINE_SURFACE_WITH_KNOTS('',3,3,((#2052,#2053,#2054,#2055,#2056,
#2057),(#2058,#2059,#2060,#2061,#2062,#2063),(#2064,#2065,#2066,#2067,#2068,
#2069),(#2070,#2071,#2072,#2073,#2074,#2075),(#2076,#2077,#2078,#2079,#2080,
#2081)),.UNSPECIFIED.,.F.,.F.,.F.,(4,1,4),(4,1,1,4),(0.,0.571428571428571,
1.),(-0.915452475241068,-0.392336775103323,0.130778925034422,0.91545247524104),
 .UNSPECIFIED.);
#53=B_SPLINE_SURFACE_WITH_KNOTS('',3,3,((#2086,#2087,#2088,#2089),(#2090,
#2091,#2092,#2093),(#2094,#2095,#2096,#2097),(#2098,#2099,#2100,#2101),
(#2102,#2103,#2104,#2105)),.UNSPECIFIED.,.F.,.F.,.F.,(4,1,4),(4,4),(0.,
0.571428571428571,1.),(0.,0.167928920778509),.UNSPECIFIED.);
#54=B_SPLINE_SURFACE_WITH_KNOTS('',3,3,((#2123,#2124,#2125,#2126),(#2127,
#2128,#2129,#2130),(#2131,#2132,#2133,#2134),(#2135,#2136,#2137,#2138),
(#2139,#2140,#2141,#2142)),.UNSPECIFIED.,.F.,.F.,.F.,(4,1,4),(4,4),(0.,
0.571428571428571,1.),(3.34378660695964E-16,0.167933846810736),
 .UNSPECIFIED.);
#55=B_SPLINE_SURFACE_WITH_KNOTS('',3,3,((#2147,#2148,#2149,#2150),(#2151,
#2152,#2153,#2154),(#2155,#2156,#2157,#2158),(#2159,#2160,#2161,#2162),
(#2163,#2164,#2165,#2166)),.UNSPECIFIED.,.F.,.F.,.F.,(4,1,4),(4,4),(0.,
0.571428571428571,1.),(0.,0.167928920778509),.UNSPECIFIED.);
#56=B_SPLINE_SURFACE_WITH_KNOTS('',3,3,((#2189,#2190,#2191,#2192),(#2193,
#2194,#2195,#2196),(#2197,#2198,#2199,#2200),(#2201,#2202,#2203,#2204)),
 .UNSPECIFIED.,.F.,.F.,.F.,(4,4),(4,4),(0.,1.),(1.2358529011454,1.36881909578411),
 .UNSPECIFIED.);
#57=B_SPLINE_SURFACE_WITH_KNOTS('',3,3,((#2214,#2215,#2216,#2217),(#2218,
#2219,#2220,#2221),(#2222,#2223,#2224,#2225),(#2226,#2227,#2228,#2229)),
 .UNSPECIFIED.,.F.,.F.,.F.,(4,4),(4,4),(0.,1.),(0.121510221964295,0.25447641660301),
 .UNSPECIFIED.);
#58=B_SPLINE_CURVE_WITH_KNOTS('',3,(#1322,#1323,#1324,#1325,#1326),
 .UNSPECIFIED.,.F.,.F.,(4,1,4),(0.,0.230301616968635,0.268689759861581),
 .UNSPECIFIED.);
#59=B_SPLINE_CURVE_WITH_KNOTS('',3,(#1328,#1329,#1330,#1331),
 .UNSPECIFIED.,.F.,.F.,(4,4),(0.,0.0496958763508626),.UNSPECIFIED.);
#60=B_SPLINE_CURVE_WITH_KNOTS('',3,(#1333,#1334,#1335,#1336),
 .UNSPECIFIED.,.F.,.F.,(4,4),(-0.0194562045431579,0.),.UNSPECIFIED.);
#61=B_SPLINE_CURVE_WITH_KNOTS('',3,(#1340,#1341,#1342,#1343),
 .UNSPECIFIED.,.F.,.F.,(4,4),(-0.0194562045431584,0.),.UNSPECIFIED.);
#62=B_SPLINE_CURVE_WITH_KNOTS('',3,(#1345,#1346,#1347,#1348),
 .UNSPECIFIED.,.F.,.F.,(4,4),(0.593225914386451,0.642915896720387),
 .UNSPECIFIED.);
#63=B_SPLINE_CURVE_WITH_KNOTS('',3,(#1350,#1351,#1352,#1353,#1354,#1355),
 .UNSPECIFIED.,.F.,.F.,(4,1,1,4),(0.,0.230301616968635,0.383836028281059,
0.537370439593482),.UNSPECIFIED.);
#64=B_SPLINE_CURVE_WITH_KNOTS('',3,(#1357,#1358,#1359,#1360),
 .UNSPECIFIED.,.F.,.F.,(4,4),(0.,0.0496958763508683),.UNSPECIFIED.);
#65=B_SPLINE_CURVE_WITH_KNOTS('',3,(#1362,#1363,#1364,#1365),
 .UNSPECIFIED.,.F.,.F.,(4,4),(-0.0194561337499034,0.),.UNSPECIFIED.);
#66=B_SPLINE_CURVE_WITH_KNOTS('',3,(#1369,#1370,#1371,#1372),
 .UNSPECIFIED.,.F.,.F.,(4,4),(-0.0194562045431585,0.),.UNSPECIFIED.);
#67=B_SPLINE_CURVE_WITH_KNOTS('',3,(#1374,#1375,#1376,#1377),
 .UNSPECIFIED.,.F.,.F.,(4,4),(0.593225914386447,0.642915896720382),
 .UNSPECIFIED.);
#68=B_SPLINE_CURVE_WITH_KNOTS('',3,(#1378,#1379,#1380,#1381,#1382),
 .UNSPECIFIED.,.F.,.F.,(4,1,4),(0.268689759861581,0.383836028281059,0.537370439593482),
 .UNSPECIFIED.);
#69=B_SPLINE_CURVE_WITH_KNOTS('',3,(#1407,#1408,#1409,#1410),
 .UNSPECIFIED.,.F.,.F.,(4,4),(-0.0496958763508626,0.),.UNSPECIFIED.);
#70=B_SPLINE_CURVE_WITH_KNOTS('',3,(#1444,#1445,#1446,#1447,#1448,#1449),
 .UNSPECIFIED.,.F.,.F.,(4,1,1,4),(-0.537370439593482,-0.383836028281059,
-0.230301616968635,0.),.UNSPECIFIED.);
#71=B_SPLINE_CURVE_WITH_KNOTS('',3,(#1472,#1473,#1474,#1475),
 .UNSPECIFIED.,.F.,.F.,(4,4),(-0.642915896720382,-0.593225914386447),
 .UNSPECIFIED.);
#72=B_SPLINE_CURVE_WITH_KNOTS('',3,(#1498,#1499,#1500,#1501),
 .UNSPECIFIED.,.F.,.F.,(4,4),(0.,0.0194562045431585),.UNSPECIFIED.);
#73=B_SPLINE_CURVE_WITH_KNOTS('',3,(#1528,#1529,#1530,#1531),
 .UNSPECIFIED.,.F.,.F.,(4,4),(0.,0.0194561337499034),.UNSPECIFIED.);
#74=B_SPLINE_CURVE_WITH_KNOTS('',3,(#1554,#1555,#1556,#1557),
 .UNSPECIFIED.,.F.,.F.,(4,4),(-0.0496958763508683,0.),.UNSPECIFIED.);
#75=B_SPLINE_CURVE_WITH_KNOTS('',3,(#1590,#1591,#1592,#1593,#1594,#1595),
 .UNSPECIFIED.,.F.,.F.,(4,1,1,4),(-0.537370439593482,-0.383836028281059,
-0.230301616968635,0.),.UNSPECIFIED.);
#76=B_SPLINE_CURVE_WITH_KNOTS('',3,(#1618,#1619,#1620,#1621),
 .UNSPECIFIED.,.F.,.F.,(4,4),(-0.642915896720387,-0.593225914386451),
 .UNSPECIFIED.);
#77=B_SPLINE_CURVE_WITH_KNOTS('',3,(#1644,#1645,#1646,#1647),
 .UNSPECIFIED.,.F.,.F.,(4,4),(0.,0.0194562045431584),.UNSPECIFIED.);
#78=B_SPLINE_CURVE_WITH_KNOTS('',3,(#1672,#1673,#1674,#1675),
 .UNSPECIFIED.,.F.,.F.,(4,4),(0.,0.0194562045431579),.UNSPECIFIED.);
#79=B_SPLINE_CURVE_WITH_KNOTS('',3,(#1716,#1717,#1718,#1719),
 .UNSPECIFIED.,.F.,.F.,(4,4),(0.234982556446431,0.254476416603002),
 .UNSPECIFIED.);
#80=B_SPLINE_CURVE_WITH_KNOTS('',3,(#1737,#1738,#1739,#1740),
 .UNSPECIFIED.,.F.,.F.,(4,4),(-0.250974335349806,-0.121510221964879),
 .UNSPECIFIED.);
#81=B_SPLINE_CURVE_WITH_KNOTS('',3,(#1741,#1742,#1743,#1744),
 .UNSPECIFIED.,.F.,.F.,(4,4),(-0.167933846810736,-3.34378660695964E-16),
 .UNSPECIFIED.);
#82=B_SPLINE_CURVE_WITH_KNOTS('',3,(#1747,#1748,#1749,#1750),
 .UNSPECIFIED.,.F.,.F.,(4,4),(-1.35602123691106,-1.22655712352627),
 .UNSPECIFIED.);
#83=B_SPLINE_CURVE_WITH_KNOTS('',3,(#1773,#1774,#1775,#1776),
 .UNSPECIFIED.,.F.,.F.,(4,4),(1.22305504227294,1.24254890242952),
 .UNSPECIFIED.);
#84=B_SPLINE_CURVE_WITH_KNOTS('',3,(#1777,#1778,#1779,#1780),
 .UNSPECIFIED.,.F.,.F.,(4,4),(-0.167928920778509,0.),.UNSPECIFIED.);
#85=B_SPLINE_CURVE_WITH_KNOTS('',3,(#1825,#1826,#1827,#1828,#1829,#1830,
#1831,#1832),.UNSPECIFIED.,.F.,.F.,(4,1,1,2,4),(2.43164739438612E-17,0.0163867624230818,
0.0245801436346227,0.0409669060577045,0.0413589603749154),.UNSPECIFIED.);
#86=B_SPLINE_CURVE_WITH_KNOTS('',3,(#1834,#1835,#1836,#1837,#1838,#1839,
#1840,#1841),.UNSPECIFIED.,.F.,.F.,(4,2,1,1,4),(-0.0413589603749154,-0.0409669060577045,
-0.0245801436346227,-0.0163867624230818,-2.43164739438612E-17),
 .UNSPECIFIED.);
#87=B_SPLINE_CURVE_WITH_KNOTS('',3,(#1884,#1885,#1886,#1887,#1888,#1889,
#1890,#1891),.UNSPECIFIED.,.F.,.F.,(4,1,1,2,4),(0.,0.0163867378022159,0.0245801067033239,
0.0409668445055398,0.0413589589984171),.UNSPECIFIED.);
#88=B_SPLINE_CURVE_WITH_KNOTS('',3,(#1892,#1893,#1894,#1895,#1896,#1897,
#1898,#1899),.UNSPECIFIED.,.F.,.F.,(4,2,1,1,4),(-0.0413589589984171,-0.0409668445055398,
-0.0245801067033239,-0.0163867378022159,0.),.UNSPECIFIED.);
#89=B_SPLINE_CURVE_WITH_KNOTS('',3,(#1941,#1942,#1943,#1944,#1945,#1946,
#1947,#1948),.UNSPECIFIED.,.F.,.F.,(4,1,1,2,4),(2.43164739438612E-17,0.0163867624230729,
0.0245801436346093,0.0409669060576822,0.0413589603749155),.UNSPECIFIED.);
#90=B_SPLINE_CURVE_WITH_KNOTS('',3,(#1950,#1951,#1952,#1953,#1954,#1955,
#1956,#1957),.UNSPECIFIED.,.F.,.F.,(4,2,1,1,4),(-0.0413589603749155,-0.0409669060576822,
-0.0245801436346093,-0.0163867624230729,-2.43164739438612E-17),
 .UNSPECIFIED.);
#91=B_SPLINE_CURVE_WITH_KNOTS('',3,(#2000,#2001,#2002,#2003,#2004,#2005,
#2006,#2007),.UNSPECIFIED.,.F.,.F.,(4,1,1,2,4),(0.,0.0163867378022159,0.0245801067033239,
0.0409668445055398,0.0413589589984171),.UNSPECIFIED.);
#92=B_SPLINE_CURVE_WITH_KNOTS('',3,(#2009,#2010,#2011,#2012,#2013,#2014,
#2015,#2016),.UNSPECIFIED.,.F.,.F.,(4,2,1,1,4),(-0.0413589589984171,-0.0409668445055398,
-0.0245801067033239,-0.0163867378022159,0.),.UNSPECIFIED.);
#93=B_SPLINE_CURVE_WITH_KNOTS('',3,(#2042,#2043,#2044,#2045),
 .UNSPECIFIED.,.F.,.F.,(4,4),(-0.167933846810737,0.),.UNSPECIFIED.);
#94=B_SPLINE_CURVE_WITH_KNOTS('',3,(#2048,#2049,#2050,#2051),
 .UNSPECIFIED.,.F.,.F.,(4,4),(0.,0.167933846810737),.UNSPECIFIED.);
#95=B_SPLINE_CURVE_WITH_KNOTS('',3,(#2108,#2109,#2110,#2111),
 .UNSPECIFIED.,.F.,.F.,(4,4),(0.,0.167928920778509),.UNSPECIFIED.);
#96=B_SPLINE_CURVE_WITH_KNOTS('',3,(#2143,#2144,#2145,#2146),
 .UNSPECIFIED.,.F.,.F.,(4,4),(3.34378660695964E-16,0.167933846810736),
 .UNSPECIFIED.);
#97=B_SPLINE_CURVE_WITH_KNOTS('',3,(#2170,#2171,#2172,#2173),
 .UNSPECIFIED.,.F.,.F.,(4,4),(-0.167928920778509,0.),.UNSPECIFIED.);
#98=B_SPLINE_CURVE_WITH_KNOTS('',3,(#2174,#2175,#2176,#2177),
 .UNSPECIFIED.,.F.,.F.,(4,4),(0.,0.167928920778509),.UNSPECIFIED.);
#99=B_SPLINE_CURVE_WITH_KNOTS('',3,(#2185,#2186,#2187,#2188),
 .UNSPECIFIED.,.F.,.F.,(4,4),(1.2358529011454,1.25534676130202),
 .UNSPECIFIED.);
#100=B_SPLINE_CURVE_WITH_KNOTS('',3,(#2205,#2206,#2207,#2208),
 .UNSPECIFIED.,.F.,.F.,(4,4),(-1.36881909578411,-1.23935498239873),
 .UNSPECIFIED.);
#101=B_SPLINE_CURVE_WITH_KNOTS('',3,(#2210,#2211,#2212,#2213),
 .UNSPECIFIED.,.F.,.F.,(4,4),(-0.250974335349843,-0.121510221964295),
 .UNSPECIFIED.);
#102=B_SPLINE_CURVE_WITH_KNOTS('',3,(#2230,#2231,#2232,#2233),
 .UNSPECIFIED.,.F.,.F.,(4,4),(0.234982556446394,0.25447641660301),
 .UNSPECIFIED.);
#103=CONICAL_SURFACE('',#961,5.4,0.785398163397449);
#104=PLANE('',#957);
#105=PLANE('',#967);
#106=PLANE('',#1025);
#107=PLANE('',#1027);
#108=PLANE('',#1030);
#109=PLANE('',#1033);
#110=PLANE('',#1035);
#111=PLANE('',#1040);
#112=PLANE('',#1047);
#113=PLANE('',#1049);
#114=PLANE('',#1050);
#115=PLANE('',#1051);
#116=PLANE('',#1052);
#117=PLANE('',#1053);
#118=PLANE('',#1054);
#119=FACE_OUTER_BOUND('',#182,.T.);
#120=FACE_OUTER_BOUND('',#183,.T.);
#121=FACE_OUTER_BOUND('',#184,.T.);
#122=FACE_OUTER_BOUND('',#185,.T.);
#123=FACE_OUTER_BOUND('',#186,.T.);
#124=FACE_OUTER_BOUND('',#187,.T.);
#125=FACE_OUTER_BOUND('',#188,.T.);
#126=FACE_OUTER_BOUND('',#189,.T.);
#127=FACE_OUTER_BOUND('',#190,.T.);
#128=FACE_OUTER_BOUND('',#191,.T.);
#129=FACE_OUTER_BOUND('',#192,.T.);
#130=FACE_OUTER_BOUND('',#193,.T.);
#131=FACE_OUTER_BOUND('',#194,.T.);
#132=FACE_OUTER_BOUND('',#195,.T.);
#133=FACE_OUTER_BOUND('',#196,.T.);
#134=FACE_OUTER_BOUND('',#197,.T.);
#135=FACE_OUTER_BOUND('',#198,.T.);
#136=FACE_OUTER_BOUND('',#199,.T.);
#137=FACE_OUTER_BOUND('',#200,.T.);
#138=FACE_OUTER_BOUND('',#201,.T.);
#139=FACE_OUTER_BOUND('',#202,.T.);
#140=FACE_OUTER_BOUND('',#203,.T.);
#141=FACE_OUTER_BOUND('',#204,.T.);
#142=FACE_OUTER_BOUND('',#205,.T.);
#143=FACE_OUTER_BOUND('',#206,.T.);
#144=FACE_OUTER_BOUND('',#207,.T.);
#145=FACE_OUTER_BOUND('',#208,.T.);
#146=FACE_OUTER_BOUND('',#209,.T.);
#147=FACE_OUTER_BOUND('',#210,.T.);
#148=FACE_OUTER_BOUND('',#211,.T.);
#149=FACE_OUTER_BOUND('',#212,.T.);
#150=FACE_OUTER_BOUND('',#213,.T.);
#151=FACE_OUTER_BOUND('',#214,.T.);
#152=FACE_OUTER_BOUND('',#215,.T.);
#153=FACE_OUTER_BOUND('',#216,.T.);
#154=FACE_OUTER_BOUND('',#217,.T.);
#155=FACE_OUTER_BOUND('',#218,.T.);
#156=FACE_OUTER_BOUND('',#219,.T.);
#157=FACE_OUTER_BOUND('',#220,.T.);
#158=FACE_OUTER_BOUND('',#221,.T.);
#159=FACE_OUTER_BOUND('',#222,.T.);
#160=FACE_OUTER_BOUND('',#223,.T.);
#161=FACE_OUTER_BOUND('',#224,.T.);
#162=FACE_OUTER_BOUND('',#225,.T.);
#163=FACE_OUTER_BOUND('',#226,.T.);
#164=FACE_OUTER_BOUND('',#227,.T.);
#165=FACE_OUTER_BOUND('',#229,.T.);
#166=FACE_OUTER_BOUND('',#230,.T.);
#167=FACE_OUTER_BOUND('',#232,.T.);
#168=FACE_OUTER_BOUND('',#233,.T.);
#169=FACE_OUTER_BOUND('',#234,.T.);
#170=FACE_OUTER_BOUND('',#235,.T.);
#171=FACE_OUTER_BOUND('',#236,.T.);
#172=FACE_OUTER_BOUND('',#237,.T.);
#173=FACE_OUTER_BOUND('',#239,.T.);
#174=FACE_OUTER_BOUND('',#240,.T.);
#175=FACE_OUTER_BOUND('',#242,.T.);
#176=FACE_OUTER_BOUND('',#243,.T.);
#177=FACE_OUTER_BOUND('',#244,.T.);
#178=FACE_OUTER_BOUND('',#245,.T.);
#179=FACE_OUTER_BOUND('',#246,.T.);
#180=FACE_OUTER_BOUND('',#247,.T.);
#181=FACE_OUTER_BOUND('',#248,.T.);
#182=EDGE_LOOP('',(#589,#590,#591,#592));
#183=EDGE_LOOP('',(#593,#594,#595,#596,#597,#598,#599,#600));
#184=EDGE_LOOP('',(#601,#602,#603,#604));
#185=EDGE_LOOP('',(#605,#606,#607,#608,#609,#610,#611,#612,#613,#614,#615,
#616,#617,#618,#619,#620));
#186=EDGE_LOOP('',(#621));
#187=EDGE_LOOP('',(#622,#623,#624,#625));
#188=EDGE_LOOP('',(#626,#627,#628,#629,#630));
#189=EDGE_LOOP('',(#631,#632,#633,#634));
#190=EDGE_LOOP('',(#635,#636,#637,#638));
#191=EDGE_LOOP('',(#639,#640,#641,#642));
#192=EDGE_LOOP('',(#643,#644,#645,#646));
#193=EDGE_LOOP('',(#647,#648,#649,#650));
#194=EDGE_LOOP('',(#651,#652,#653,#654));
#195=EDGE_LOOP('',(#655,#656,#657,#658));
#196=EDGE_LOOP('',(#659,#660,#661,#662));
#197=EDGE_LOOP('',(#663,#664,#665,#666));
#198=EDGE_LOOP('',(#667,#668,#669,#670));
#199=EDGE_LOOP('',(#671,#672,#673,#674,#675,#676));
#200=EDGE_LOOP('',(#677,#678,#679));
#201=EDGE_LOOP('',(#680,#681,#682,#683));
#202=EDGE_LOOP('',(#684,#685,#686,#687,#688,#689));
#203=EDGE_LOOP('',(#690,#691,#692,#693));
#204=EDGE_LOOP('',(#694,#695,#696));
#205=EDGE_LOOP('',(#697,#698,#699));
#206=EDGE_LOOP('',(#700,#701,#702));
#207=EDGE_LOOP('',(#703,#704,#705));
#208=EDGE_LOOP('',(#706,#707,#708));
#209=EDGE_LOOP('',(#709,#710,#711,#712));
#210=EDGE_LOOP('',(#713,#714,#715,#716,#717,#718));
#211=EDGE_LOOP('',(#719,#720,#721,#722));
#212=EDGE_LOOP('',(#723,#724,#725,#726));
#213=EDGE_LOOP('',(#727,#728,#729,#730));
#214=EDGE_LOOP('',(#731,#732,#733,#734));
#215=EDGE_LOOP('',(#735,#736,#737,#738));
#216=EDGE_LOOP('',(#739,#740,#741,#742));
#217=EDGE_LOOP('',(#743,#744,#745,#746));
#218=EDGE_LOOP('',(#747,#748,#749,#750));
#219=EDGE_LOOP('',(#751,#752,#753,#754));
#220=EDGE_LOOP('',(#755,#756,#757));
#221=EDGE_LOOP('',(#758,#759,#760,#761));
#222=EDGE_LOOP('',(#762,#763,#764,#765,#766,#767));
#223=EDGE_LOOP('',(#768,#769,#770,#771));
#224=EDGE_LOOP('',(#772,#773,#774,#775));
#225=EDGE_LOOP('',(#776,#777,#778,#779));
#226=EDGE_LOOP('',(#780,#781,#782,#783));
#227=EDGE_LOOP('',(#784,#785,#786,#787,#788,#789,#790,#791));
#228=EDGE_LOOP('',(#792));
#229=EDGE_LOOP('',(#793,#794,#795));
#230=EDGE_LOOP('',(#796,#797,#798,#799,#800,#801,#802,#803));
#231=EDGE_LOOP('',(#804));
#232=EDGE_LOOP('',(#805,#806,#807,#808));
#233=EDGE_LOOP('',(#809,#810,#811,#812));
#234=EDGE_LOOP('',(#813,#814,#815,#816));
#235=EDGE_LOOP('',(#817));
#236=EDGE_LOOP('',(#818,#819,#820,#821));
#237=EDGE_LOOP('',(#822,#823));
#238=EDGE_LOOP('',(#824));
#239=EDGE_LOOP('',(#825,#826,#827,#828,#829,#830));
#240=EDGE_LOOP('',(#831,#832));
#241=EDGE_LOOP('',(#833,#834));
#242=EDGE_LOOP('',(#835,#836,#837,#838));
#243=EDGE_LOOP('',(#839,#840,#841,#842));
#244=EDGE_LOOP('',(#843,#844,#845,#846));
#245=EDGE_LOOP('',(#847,#848,#849,#850));
#246=EDGE_LOOP('',(#851,#852,#853,#854));
#247=EDGE_LOOP('',(#855,#856,#857,#858));
#248=EDGE_LOOP('',(#859,#860,#861,#862));
#249=CIRCLE('',#956,0.5);
#250=CIRCLE('',#962,5.15);
#251=CIRCLE('',#963,5.65);
#252=CIRCLE('',#965,5.65);
#253=CIRCLE('',#966,5.65);
#254=CIRCLE('',#968,0.750000000000001);
#255=CIRCLE('',#969,0.75);
#256=CIRCLE('',#970,0.75);
#257=CIRCLE('',#971,0.750000000000002);
#258=CIRCLE('',#972,0.75);
#259=CIRCLE('',#974,0.750000000000001);
#260=CIRCLE('',#975,6.05090909090909);
#261=CIRCLE('',#976,0.750000000000001);
#262=CIRCLE('',#977,0.750000000000001);
#263=CIRCLE('',#978,0.75);
#264=CIRCLE('',#979,0.749999999999999);
#265=CIRCLE('',#980,0.750000000000002);
#266=CIRCLE('',#982,0.750000000000001);
#267=CIRCLE('',#983,6.05090909090909);
#268=CIRCLE('',#985,0.75);
#269=CIRCLE('',#987,0.75);
#270=CIRCLE('',#991,11.0249942779122);
#271=CIRCLE('',#992,11.0249942779122);
#272=CIRCLE('',#993,11.0249942779122);
#273=CIRCLE('',#996,0.5);
#274=CIRCLE('',#997,0.5);
#275=CIRCLE('',#998,0.5);
#276=CIRCLE('',#999,0.750000000000001);
#277=CIRCLE('',#1000,0.75);
#278=CIRCLE('',#1003,0.75);
#279=CIRCLE('',#1004,0.75);
#280=CIRCLE('',#1006,10.3889369157249);
#281=CIRCLE('',#1008,10.3889369157249);
#282=CIRCLE('',#1009,11.0249942779122);
#283=CIRCLE('',#1011,10.3889369157249);
#284=CIRCLE('',#1013,10.3889369157249);
#285=CIRCLE('',#1014,0.75);
#286=CIRCLE('',#1015,0.75);
#287=CIRCLE('',#1017,11.0249942779122);
#288=CIRCLE('',#1018,10.3889369157249);
#289=CIRCLE('',#1020,11.0249942779122);
#290=CIRCLE('',#1021,10.3889369157249);
#291=CIRCLE('',#1036,4.);
#292=CIRCLE('',#1037,16.6778022562627);
#293=CIRCLE('',#1038,3.83759485456495);
#294=CIRCLE('',#1039,3.83759485456495);
#295=CIRCLE('',#1041,6.);
#296=CIRCLE('',#1042,6.);
#297=CIRCLE('',#1043,4.);
#298=CIRCLE('',#1045,6.);
#299=CIRCLE('',#1046,6.);
#300=LINE('',#1294,#329);
#301=LINE('',#1297,#330);
#302=LINE('',#1300,#331);
#303=LINE('',#1304,#332);
#304=LINE('',#1308,#333);
#305=LINE('',#1311,#334);
#306=LINE('',#1316,#335);
#307=LINE('',#1320,#336);
#308=LINE('',#2235,#337);
#309=LINE('',#2236,#338);
#310=LINE('',#2238,#339);
#311=LINE('',#2240,#340);
#312=LINE('',#2242,#341);
#313=LINE('',#2250,#342);
#314=LINE('',#2253,#343);
#315=LINE('',#2302,#344);
#316=LINE('',#2305,#345);
#317=LINE('',#2309,#346);
#318=LINE('',#2311,#347);
#319=LINE('',#2313,#348);
#320=LINE('',#2314,#349);
#321=LINE('',#2317,#350);
#322=LINE('',#2319,#351);
#323=LINE('',#2320,#352);
#324=LINE('',#2324,#353);
#325=LINE('',#2325,#354);
#326=LINE('',#2326,#355);
#327=LINE('',#2328,#356);
#328=LINE('',#2329,#357);
#329=VECTOR('',#1061,10.);
#330=VECTOR('',#1064,10.);
#331=VECTOR('',#1067,10.);
#332=VECTOR('',#1070,10.);
#333=VECTOR('',#1073,10.);
#334=VECTOR('',#1076,10.);
#335=VECTOR('',#1081,5.4);
#336=VECTOR('',#1086,5.65);
#337=VECTOR('',#1207,10.);
#338=VECTOR('',#1208,10.);
#339=VECTOR('',#1211,10.);
#340=VECTOR('',#1214,10.);
#341=VECTOR('',#1217,10.);
#342=VECTOR('',#1228,10.);
#343=VECTOR('',#1233,1.00000001490116);
#344=VECTOR('',#1258,6.);
#345=VECTOR('',#1263,4.);
#346=VECTOR('',#1266,10.);
#347=VECTOR('',#1267,10.);
#348=VECTOR('',#1268,10.);
#349=VECTOR('',#1269,10.);
#350=VECTOR('',#1272,10.);
#351=VECTOR('',#1273,10.);
#352=VECTOR('',#1274,10.);
#353=VECTOR('',#1277,10.);
#354=VECTOR('',#1278,10.);
#355=VECTOR('',#1279,10.);
#356=VECTOR('',#1282,10.);
#357=VECTOR('',#1283,10.);
#358=ELLIPSE('',#955,0.501248441394086,0.5);
#359=ELLIPSE('',#958,0.501248441394086,0.5);
#360=ELLIPSE('',#959,0.501248441394086,0.5);
#361=ELLIPSE('',#960,0.501248441394086,0.5);
#362=ELLIPSE('',#984,2.8018755028729,2.80000001490116);
#363=ELLIPSE('',#986,2.05256091535611,2.05000001490116);
#364=ELLIPSE('',#988,2.8018755028729,2.80000001490116);
#365=ELLIPSE('',#995,2.8018755028729,2.80000001490116);
#366=ELLIPSE('',#1001,2.8018755028729,2.80000001490116);
#367=ELLIPSE('',#1002,2.05256091535611,2.05000001490116);
#368=ELLIPSE('',#1028,1.00124923464482,1.00000001490116);
#369=ELLIPSE('',#1031,1.00124923464482,1.00000001490116);
#370=VERTEX_POINT('',#1290);
#371=VERTEX_POINT('',#1291);
#372=VERTEX_POINT('',#1293);
#373=VERTEX_POINT('',#1295);
#374=VERTEX_POINT('',#1299);
#375=VERTEX_POINT('',#1301);
#376=VERTEX_POINT('',#1303);
#377=VERTEX_POINT('',#1305);
#378=VERTEX_POINT('',#1307);
#379=VERTEX_POINT('',#1309);
#380=VERTEX_POINT('',#1313);
#381=VERTEX_POINT('',#1315);
#382=VERTEX_POINT('',#1319);
#383=VERTEX_POINT('',#1321);
#384=VERTEX_POINT('',#1327);
#385=VERTEX_POINT('',#1332);
#386=VERTEX_POINT('',#1337);
#387=VERTEX_POINT('',#1339);
#388=VERTEX_POINT('',#1344);
#389=VERTEX_POINT('',#1349);
#390=VERTEX_POINT('',#1356);
#391=VERTEX_POINT('',#1361);
#392=VERTEX_POINT('',#1366);
#393=VERTEX_POINT('',#1368);
#394=VERTEX_POINT('',#1373);
#395=VERTEX_POINT('',#1404);
#396=VERTEX_POINT('',#1406);
#397=VERTEX_POINT('',#1442);
#398=VERTEX_POINT('',#1470);
#399=VERTEX_POINT('',#1496);
#400=VERTEX_POINT('',#1503);
#401=VERTEX_POINT('',#1526);
#402=VERTEX_POINT('',#1552);
#403=VERTEX_POINT('',#1588);
#404=VERTEX_POINT('',#1616);
#405=VERTEX_POINT('',#1642);
#406=VERTEX_POINT('',#1649);
#407=VERTEX_POINT('',#1706);
#408=VERTEX_POINT('',#1708);
#409=VERTEX_POINT('',#1710);
#410=VERTEX_POINT('',#1712);
#411=VERTEX_POINT('',#1736);
#412=VERTEX_POINT('',#1746);
#413=VERTEX_POINT('',#1751);
#414=VERTEX_POINT('',#1753);
#415=VERTEX_POINT('',#1772);
#416=VERTEX_POINT('',#1823);
#417=VERTEX_POINT('',#1824);
#418=VERTEX_POINT('',#1833);
#419=VERTEX_POINT('',#1883);
#420=VERTEX_POINT('',#1940);
#421=VERTEX_POINT('',#1949);
#422=VERTEX_POINT('',#1999);
#423=VERTEX_POINT('',#2008);
#424=VERTEX_POINT('',#2038);
#425=VERTEX_POINT('',#2039);
#426=VERTEX_POINT('',#2041);
#427=VERTEX_POINT('',#2046);
#428=VERTEX_POINT('',#2083);
#429=VERTEX_POINT('',#2106);
#430=VERTEX_POINT('',#2120);
#431=VERTEX_POINT('',#2167);
#432=VERTEX_POINT('',#2168);
#433=VERTEX_POINT('',#2243);
#434=VERTEX_POINT('',#2247);
#435=VERTEX_POINT('',#2255);
#436=VERTEX_POINT('',#2284);
#437=VERTEX_POINT('',#2285);
#438=VERTEX_POINT('',#2287);
#439=VERTEX_POINT('',#2291);
#440=VERTEX_POINT('',#2292);
#441=VERTEX_POINT('',#2295);
#442=VERTEX_POINT('',#2298);
#443=VERTEX_POINT('',#2299);
#444=VERTEX_POINT('',#2307);
#445=VERTEX_POINT('',#2308);
#446=VERTEX_POINT('',#2310);
#447=VERTEX_POINT('',#2312);
#448=VERTEX_POINT('',#2316);
#449=VERTEX_POINT('',#2318);
#450=VERTEX_POINT('',#2322);
#451=VERTEX_POINT('',#2323);
#452=EDGE_CURVE('',#370,#371,#358,.T.);
#453=EDGE_CURVE('',#371,#372,#300,.T.);
#454=EDGE_CURVE('',#373,#372,#249,.T.);
#455=EDGE_CURVE('',#373,#370,#301,.T.);
#456=EDGE_CURVE('',#370,#374,#302,.T.);
#457=EDGE_CURVE('',#375,#374,#359,.T.);
#458=EDGE_CURVE('',#375,#376,#303,.T.);
#459=EDGE_CURVE('',#377,#376,#360,.T.);
#460=EDGE_CURVE('',#377,#378,#304,.T.);
#461=EDGE_CURVE('',#379,#378,#361,.T.);
#462=EDGE_CURVE('',#379,#371,#305,.T.);
#463=EDGE_CURVE('',#380,#380,#250,.T.);
#464=EDGE_CURVE('',#380,#381,#306,.T.);
#465=EDGE_CURVE('',#381,#381,#251,.T.);
#466=EDGE_CURVE('',#381,#382,#307,.T.);
#467=EDGE_CURVE('',#383,#382,#58,.T.);
#468=EDGE_CURVE('',#384,#383,#59,.T.);
#469=EDGE_CURVE('',#385,#384,#60,.T.);
#470=EDGE_CURVE('',#386,#385,#252,.T.);
#471=EDGE_CURVE('',#387,#386,#61,.T.);
#472=EDGE_CURVE('',#388,#387,#62,.T.);
#473=EDGE_CURVE('',#389,#388,#63,.T.);
#474=EDGE_CURVE('',#390,#389,#64,.T.);
#475=EDGE_CURVE('',#391,#390,#65,.T.);
#476=EDGE_CURVE('',#392,#391,#253,.T.);
#477=EDGE_CURVE('',#393,#392,#66,.T.);
#478=EDGE_CURVE('',#394,#393,#67,.T.);
#479=EDGE_CURVE('',#382,#394,#68,.T.);
#480=EDGE_CURVE('',#383,#395,#254,.T.);
#481=EDGE_CURVE('',#395,#396,#69,.T.);
#482=EDGE_CURVE('',#396,#384,#255,.T.);
#483=EDGE_CURVE('',#394,#397,#256,.T.);
#484=EDGE_CURVE('',#397,#395,#70,.T.);
#485=EDGE_CURVE('',#393,#398,#257,.T.);
#486=EDGE_CURVE('',#398,#397,#71,.T.);
#487=EDGE_CURVE('',#392,#399,#258,.T.);
#488=EDGE_CURVE('',#399,#398,#72,.T.);
#489=EDGE_CURVE('',#391,#400,#259,.T.);
#490=EDGE_CURVE('',#400,#399,#260,.T.);
#491=EDGE_CURVE('',#390,#401,#261,.T.);
#492=EDGE_CURVE('',#401,#400,#73,.T.);
#493=EDGE_CURVE('',#389,#402,#262,.T.);
#494=EDGE_CURVE('',#402,#401,#74,.T.);
#495=EDGE_CURVE('',#388,#403,#263,.T.);
#496=EDGE_CURVE('',#403,#402,#75,.T.);
#497=EDGE_CURVE('',#387,#404,#264,.T.);
#498=EDGE_CURVE('',#404,#403,#76,.T.);
#499=EDGE_CURVE('',#386,#405,#265,.T.);
#500=EDGE_CURVE('',#405,#404,#77,.T.);
#501=EDGE_CURVE('',#385,#406,#266,.T.);
#502=EDGE_CURVE('',#406,#405,#267,.T.);
#503=EDGE_CURVE('',#396,#406,#78,.T.);
#504=EDGE_CURVE('',#403,#407,#362,.T.);
#505=EDGE_CURVE('',#408,#407,#268,.T.);
#506=EDGE_CURVE('',#408,#409,#363,.T.);
#507=EDGE_CURVE('',#409,#410,#269,.T.);
#508=EDGE_CURVE('',#410,#402,#364,.T.);
#509=EDGE_CURVE('',#407,#404,#79,.T.);
#510=EDGE_CURVE('',#405,#411,#80,.T.);
#511=EDGE_CURVE('',#407,#411,#81,.T.);
#512=EDGE_CURVE('',#412,#406,#82,.T.);
#513=EDGE_CURVE('',#413,#412,#270,.T.);
#514=EDGE_CURVE('',#414,#413,#271,.T.);
#515=EDGE_CURVE('',#411,#414,#272,.T.);
#516=EDGE_CURVE('',#396,#415,#83,.T.);
#517=EDGE_CURVE('',#412,#415,#84,.T.);
#518=EDGE_CURVE('',#415,#395,#365,.T.);
#519=EDGE_CURVE('',#416,#417,#85,.T.);
#520=EDGE_CURVE('',#417,#418,#86,.T.);
#521=EDGE_CURVE('',#418,#416,#273,.T.);
#522=EDGE_CURVE('',#372,#419,#87,.T.);
#523=EDGE_CURVE('',#419,#373,#88,.T.);
#524=EDGE_CURVE('',#420,#414,#89,.T.);
#525=EDGE_CURVE('',#414,#421,#90,.T.);
#526=EDGE_CURVE('',#421,#420,#274,.T.);
#527=EDGE_CURVE('',#422,#413,#91,.T.);
#528=EDGE_CURVE('',#413,#423,#92,.T.);
#529=EDGE_CURVE('',#423,#422,#275,.T.);
#530=EDGE_CURVE('',#424,#425,#276,.T.);
#531=EDGE_CURVE('',#425,#426,#93,.T.);
#532=EDGE_CURVE('',#426,#427,#277,.T.);
#533=EDGE_CURVE('',#427,#424,#94,.T.);
#534=EDGE_CURVE('',#397,#425,#366,.T.);
#535=EDGE_CURVE('',#424,#428,#367,.T.);
#536=EDGE_CURVE('',#428,#415,#278,.T.);
#537=EDGE_CURVE('',#429,#412,#279,.T.);
#538=EDGE_CURVE('',#428,#429,#95,.T.);
#539=EDGE_CURVE('',#429,#423,#280,.T.);
#540=EDGE_CURVE('',#416,#427,#281,.T.);
#541=EDGE_CURVE('',#426,#417,#282,.T.);
#542=EDGE_CURVE('',#422,#421,#283,.T.);
#543=EDGE_CURVE('',#420,#430,#284,.T.);
#544=EDGE_CURVE('',#430,#411,#285,.T.);
#545=EDGE_CURVE('',#430,#408,#96,.T.);
#546=EDGE_CURVE('',#431,#432,#286,.T.);
#547=EDGE_CURVE('',#432,#410,#97,.T.);
#548=EDGE_CURVE('',#409,#431,#98,.T.);
#549=EDGE_CURVE('',#419,#432,#287,.T.);
#550=EDGE_CURVE('',#431,#373,#288,.T.);
#551=EDGE_CURVE('',#417,#419,#289,.T.);
#552=EDGE_CURVE('',#372,#418,#290,.T.);
#553=EDGE_CURVE('',#401,#410,#99,.T.);
#554=EDGE_CURVE('',#432,#400,#100,.T.);
#555=EDGE_CURVE('',#399,#426,#101,.T.);
#556=EDGE_CURVE('',#425,#398,#102,.T.);
#557=EDGE_CURVE('',#421,#375,#308,.T.);
#558=EDGE_CURVE('',#374,#420,#309,.T.);
#559=EDGE_CURVE('',#376,#422,#310,.T.);
#560=EDGE_CURVE('',#423,#377,#311,.T.);
#561=EDGE_CURVE('',#378,#416,#312,.T.);
#562=EDGE_CURVE('',#433,#433,#368,.T.);
#563=EDGE_CURVE('',#434,#434,#369,.T.);
#564=EDGE_CURVE('',#418,#379,#313,.T.);
#565=EDGE_CURVE('',#434,#433,#314,.T.);
#566=EDGE_CURVE('',#435,#435,#291,.T.);
#567=EDGE_CURVE('',#436,#437,#292,.T.);
#568=EDGE_CURVE('',#438,#437,#293,.T.);
#569=EDGE_CURVE('',#437,#438,#294,.T.);
#570=EDGE_CURVE('',#439,#440,#295,.T.);
#571=EDGE_CURVE('',#440,#439,#296,.T.);
#572=EDGE_CURVE('',#441,#441,#297,.T.);
#573=EDGE_CURVE('',#442,#443,#298,.T.);
#574=EDGE_CURVE('',#443,#442,#299,.T.);
#575=EDGE_CURVE('',#443,#440,#315,.T.);
#576=EDGE_CURVE('',#441,#435,#316,.T.);
#577=EDGE_CURVE('',#444,#445,#317,.T.);
#578=EDGE_CURVE('',#444,#446,#318,.T.);
#579=EDGE_CURVE('',#447,#446,#319,.T.);
#580=EDGE_CURVE('',#445,#447,#320,.T.);
#581=EDGE_CURVE('',#445,#448,#321,.T.);
#582=EDGE_CURVE('',#449,#447,#322,.T.);
#583=EDGE_CURVE('',#448,#449,#323,.T.);
#584=EDGE_CURVE('',#450,#451,#324,.T.);
#585=EDGE_CURVE('',#451,#448,#325,.T.);
#586=EDGE_CURVE('',#450,#449,#326,.T.);
#587=EDGE_CURVE('',#446,#450,#327,.T.);
#588=EDGE_CURVE('',#444,#451,#328,.T.);
#589=ORIENTED_EDGE('',*,*,#452,.T.);
#590=ORIENTED_EDGE('',*,*,#453,.T.);
#591=ORIENTED_EDGE('',*,*,#454,.F.);
#592=ORIENTED_EDGE('',*,*,#455,.T.);
#593=ORIENTED_EDGE('',*,*,#456,.T.);
#594=ORIENTED_EDGE('',*,*,#457,.F.);
#595=ORIENTED_EDGE('',*,*,#458,.T.);
#596=ORIENTED_EDGE('',*,*,#459,.F.);
#597=ORIENTED_EDGE('',*,*,#460,.T.);
#598=ORIENTED_EDGE('',*,*,#461,.F.);
#599=ORIENTED_EDGE('',*,*,#462,.T.);
#600=ORIENTED_EDGE('',*,*,#452,.F.);
#601=ORIENTED_EDGE('',*,*,#463,.T.);
#602=ORIENTED_EDGE('',*,*,#464,.T.);
#603=ORIENTED_EDGE('',*,*,#465,.T.);
#604=ORIENTED_EDGE('',*,*,#464,.F.);
#605=ORIENTED_EDGE('',*,*,#465,.F.);
#606=ORIENTED_EDGE('',*,*,#466,.T.);
#607=ORIENTED_EDGE('',*,*,#467,.F.);
#608=ORIENTED_EDGE('',*,*,#468,.F.);
#609=ORIENTED_EDGE('',*,*,#469,.F.);
#610=ORIENTED_EDGE('',*,*,#470,.F.);
#611=ORIENTED_EDGE('',*,*,#471,.F.);
#612=ORIENTED_EDGE('',*,*,#472,.F.);
#613=ORIENTED_EDGE('',*,*,#473,.F.);
#614=ORIENTED_EDGE('',*,*,#474,.F.);
#615=ORIENTED_EDGE('',*,*,#475,.F.);
#616=ORIENTED_EDGE('',*,*,#476,.F.);
#617=ORIENTED_EDGE('',*,*,#477,.F.);
#618=ORIENTED_EDGE('',*,*,#478,.F.);
#619=ORIENTED_EDGE('',*,*,#479,.F.);
#620=ORIENTED_EDGE('',*,*,#466,.F.);
#621=ORIENTED_EDGE('',*,*,#463,.F.);
#622=ORIENTED_EDGE('',*,*,#480,.T.);
#623=ORIENTED_EDGE('',*,*,#481,.T.);
#624=ORIENTED_EDGE('',*,*,#482,.T.);
#625=ORIENTED_EDGE('',*,*,#468,.T.);
#626=ORIENTED_EDGE('',*,*,#483,.T.);
#627=ORIENTED_EDGE('',*,*,#484,.T.);
#628=ORIENTED_EDGE('',*,*,#480,.F.);
#629=ORIENTED_EDGE('',*,*,#467,.T.);
#630=ORIENTED_EDGE('',*,*,#479,.T.);
#631=ORIENTED_EDGE('',*,*,#483,.F.);
#632=ORIENTED_EDGE('',*,*,#478,.T.);
#633=ORIENTED_EDGE('',*,*,#485,.T.);
#634=ORIENTED_EDGE('',*,*,#486,.T.);
#635=ORIENTED_EDGE('',*,*,#485,.F.);
#636=ORIENTED_EDGE('',*,*,#477,.T.);
#637=ORIENTED_EDGE('',*,*,#487,.T.);
#638=ORIENTED_EDGE('',*,*,#488,.T.);
#639=ORIENTED_EDGE('',*,*,#489,.T.);
#640=ORIENTED_EDGE('',*,*,#490,.T.);
#641=ORIENTED_EDGE('',*,*,#487,.F.);
#642=ORIENTED_EDGE('',*,*,#476,.T.);
#643=ORIENTED_EDGE('',*,*,#489,.F.);
#644=ORIENTED_EDGE('',*,*,#475,.T.);
#645=ORIENTED_EDGE('',*,*,#491,.T.);
#646=ORIENTED_EDGE('',*,*,#492,.T.);
#647=ORIENTED_EDGE('',*,*,#493,.T.);
#648=ORIENTED_EDGE('',*,*,#494,.T.);
#649=ORIENTED_EDGE('',*,*,#491,.F.);
#650=ORIENTED_EDGE('',*,*,#474,.T.);
#651=ORIENTED_EDGE('',*,*,#495,.T.);
#652=ORIENTED_EDGE('',*,*,#496,.T.);
#653=ORIENTED_EDGE('',*,*,#493,.F.);
#654=ORIENTED_EDGE('',*,*,#473,.T.);
#655=ORIENTED_EDGE('',*,*,#495,.F.);
#656=ORIENTED_EDGE('',*,*,#472,.T.);
#657=ORIENTED_EDGE('',*,*,#497,.T.);
#658=ORIENTED_EDGE('',*,*,#498,.T.);
#659=ORIENTED_EDGE('',*,*,#497,.F.);
#660=ORIENTED_EDGE('',*,*,#471,.T.);
#661=ORIENTED_EDGE('',*,*,#499,.T.);
#662=ORIENTED_EDGE('',*,*,#500,.T.);
#663=ORIENTED_EDGE('',*,*,#501,.T.);
#664=ORIENTED_EDGE('',*,*,#502,.T.);
#665=ORIENTED_EDGE('',*,*,#499,.F.);
#666=ORIENTED_EDGE('',*,*,#470,.T.);
#667=ORIENTED_EDGE('',*,*,#501,.F.);
#668=ORIENTED_EDGE('',*,*,#469,.T.);
#669=ORIENTED_EDGE('',*,*,#482,.F.);
#670=ORIENTED_EDGE('',*,*,#503,.T.);
#671=ORIENTED_EDGE('',*,*,#496,.F.);
#672=ORIENTED_EDGE('',*,*,#504,.T.);
#673=ORIENTED_EDGE('',*,*,#505,.F.);
#674=ORIENTED_EDGE('',*,*,#506,.T.);
#675=ORIENTED_EDGE('',*,*,#507,.T.);
#676=ORIENTED_EDGE('',*,*,#508,.T.);
#677=ORIENTED_EDGE('',*,*,#498,.F.);
#678=ORIENTED_EDGE('',*,*,#509,.F.);
#679=ORIENTED_EDGE('',*,*,#504,.F.);
#680=ORIENTED_EDGE('',*,*,#500,.F.);
#681=ORIENTED_EDGE('',*,*,#510,.T.);
#682=ORIENTED_EDGE('',*,*,#511,.F.);
#683=ORIENTED_EDGE('',*,*,#509,.T.);
#684=ORIENTED_EDGE('',*,*,#502,.F.);
#685=ORIENTED_EDGE('',*,*,#512,.F.);
#686=ORIENTED_EDGE('',*,*,#513,.F.);
#687=ORIENTED_EDGE('',*,*,#514,.F.);
#688=ORIENTED_EDGE('',*,*,#515,.F.);
#689=ORIENTED_EDGE('',*,*,#510,.F.);
#690=ORIENTED_EDGE('',*,*,#503,.F.);
#691=ORIENTED_EDGE('',*,*,#516,.T.);
#692=ORIENTED_EDGE('',*,*,#517,.F.);
#693=ORIENTED_EDGE('',*,*,#512,.T.);
#694=ORIENTED_EDGE('',*,*,#481,.F.);
#695=ORIENTED_EDGE('',*,*,#518,.F.);
#696=ORIENTED_EDGE('',*,*,#516,.F.);
#697=ORIENTED_EDGE('',*,*,#519,.T.);
#698=ORIENTED_EDGE('',*,*,#520,.T.);
#699=ORIENTED_EDGE('',*,*,#521,.T.);
#700=ORIENTED_EDGE('',*,*,#522,.T.);
#701=ORIENTED_EDGE('',*,*,#523,.T.);
#702=ORIENTED_EDGE('',*,*,#454,.T.);
#703=ORIENTED_EDGE('',*,*,#524,.T.);
#704=ORIENTED_EDGE('',*,*,#525,.T.);
#705=ORIENTED_EDGE('',*,*,#526,.T.);
#706=ORIENTED_EDGE('',*,*,#527,.T.);
#707=ORIENTED_EDGE('',*,*,#528,.T.);
#708=ORIENTED_EDGE('',*,*,#529,.T.);
#709=ORIENTED_EDGE('',*,*,#530,.T.);
#710=ORIENTED_EDGE('',*,*,#531,.T.);
#711=ORIENTED_EDGE('',*,*,#532,.T.);
#712=ORIENTED_EDGE('',*,*,#533,.T.);
#713=ORIENTED_EDGE('',*,*,#484,.F.);
#714=ORIENTED_EDGE('',*,*,#534,.T.);
#715=ORIENTED_EDGE('',*,*,#530,.F.);
#716=ORIENTED_EDGE('',*,*,#535,.T.);
#717=ORIENTED_EDGE('',*,*,#536,.T.);
#718=ORIENTED_EDGE('',*,*,#518,.T.);
#719=ORIENTED_EDGE('',*,*,#537,.T.);
#720=ORIENTED_EDGE('',*,*,#517,.T.);
#721=ORIENTED_EDGE('',*,*,#536,.F.);
#722=ORIENTED_EDGE('',*,*,#538,.T.);
#723=ORIENTED_EDGE('',*,*,#528,.F.);
#724=ORIENTED_EDGE('',*,*,#513,.T.);
#725=ORIENTED_EDGE('',*,*,#537,.F.);
#726=ORIENTED_EDGE('',*,*,#539,.T.);
#727=ORIENTED_EDGE('',*,*,#519,.F.);
#728=ORIENTED_EDGE('',*,*,#540,.T.);
#729=ORIENTED_EDGE('',*,*,#532,.F.);
#730=ORIENTED_EDGE('',*,*,#541,.T.);
#731=ORIENTED_EDGE('',*,*,#525,.F.);
#732=ORIENTED_EDGE('',*,*,#514,.T.);
#733=ORIENTED_EDGE('',*,*,#527,.F.);
#734=ORIENTED_EDGE('',*,*,#542,.T.);
#735=ORIENTED_EDGE('',*,*,#524,.F.);
#736=ORIENTED_EDGE('',*,*,#543,.T.);
#737=ORIENTED_EDGE('',*,*,#544,.T.);
#738=ORIENTED_EDGE('',*,*,#515,.T.);
#739=ORIENTED_EDGE('',*,*,#505,.T.);
#740=ORIENTED_EDGE('',*,*,#511,.T.);
#741=ORIENTED_EDGE('',*,*,#544,.F.);
#742=ORIENTED_EDGE('',*,*,#545,.T.);
#743=ORIENTED_EDGE('',*,*,#546,.T.);
#744=ORIENTED_EDGE('',*,*,#547,.T.);
#745=ORIENTED_EDGE('',*,*,#507,.F.);
#746=ORIENTED_EDGE('',*,*,#548,.T.);
#747=ORIENTED_EDGE('',*,*,#523,.F.);
#748=ORIENTED_EDGE('',*,*,#549,.T.);
#749=ORIENTED_EDGE('',*,*,#546,.F.);
#750=ORIENTED_EDGE('',*,*,#550,.T.);
#751=ORIENTED_EDGE('',*,*,#520,.F.);
#752=ORIENTED_EDGE('',*,*,#551,.T.);
#753=ORIENTED_EDGE('',*,*,#522,.F.);
#754=ORIENTED_EDGE('',*,*,#552,.T.);
#755=ORIENTED_EDGE('',*,*,#494,.F.);
#756=ORIENTED_EDGE('',*,*,#508,.F.);
#757=ORIENTED_EDGE('',*,*,#553,.F.);
#758=ORIENTED_EDGE('',*,*,#492,.F.);
#759=ORIENTED_EDGE('',*,*,#553,.T.);
#760=ORIENTED_EDGE('',*,*,#547,.F.);
#761=ORIENTED_EDGE('',*,*,#554,.T.);
#762=ORIENTED_EDGE('',*,*,#490,.F.);
#763=ORIENTED_EDGE('',*,*,#554,.F.);
#764=ORIENTED_EDGE('',*,*,#549,.F.);
#765=ORIENTED_EDGE('',*,*,#551,.F.);
#766=ORIENTED_EDGE('',*,*,#541,.F.);
#767=ORIENTED_EDGE('',*,*,#555,.F.);
#768=ORIENTED_EDGE('',*,*,#488,.F.);
#769=ORIENTED_EDGE('',*,*,#555,.T.);
#770=ORIENTED_EDGE('',*,*,#531,.F.);
#771=ORIENTED_EDGE('',*,*,#556,.T.);
#772=ORIENTED_EDGE('',*,*,#526,.F.);
#773=ORIENTED_EDGE('',*,*,#557,.T.);
#774=ORIENTED_EDGE('',*,*,#457,.T.);
#775=ORIENTED_EDGE('',*,*,#558,.T.);
#776=ORIENTED_EDGE('',*,*,#542,.F.);
#777=ORIENTED_EDGE('',*,*,#559,.F.);
#778=ORIENTED_EDGE('',*,*,#458,.F.);
#779=ORIENTED_EDGE('',*,*,#557,.F.);
#780=ORIENTED_EDGE('',*,*,#529,.F.);
#781=ORIENTED_EDGE('',*,*,#560,.T.);
#782=ORIENTED_EDGE('',*,*,#459,.T.);
#783=ORIENTED_EDGE('',*,*,#559,.T.);
#784=ORIENTED_EDGE('',*,*,#539,.F.);
#785=ORIENTED_EDGE('',*,*,#538,.F.);
#786=ORIENTED_EDGE('',*,*,#535,.F.);
#787=ORIENTED_EDGE('',*,*,#533,.F.);
#788=ORIENTED_EDGE('',*,*,#540,.F.);
#789=ORIENTED_EDGE('',*,*,#561,.F.);
#790=ORIENTED_EDGE('',*,*,#460,.F.);
#791=ORIENTED_EDGE('',*,*,#560,.F.);
#792=ORIENTED_EDGE('',*,*,#562,.T.);
#793=ORIENTED_EDGE('',*,*,#486,.F.);
#794=ORIENTED_EDGE('',*,*,#556,.F.);
#795=ORIENTED_EDGE('',*,*,#534,.F.);
#796=ORIENTED_EDGE('',*,*,#543,.F.);
#797=ORIENTED_EDGE('',*,*,#558,.F.);
#798=ORIENTED_EDGE('',*,*,#456,.F.);
#799=ORIENTED_EDGE('',*,*,#455,.F.);
#800=ORIENTED_EDGE('',*,*,#550,.F.);
#801=ORIENTED_EDGE('',*,*,#548,.F.);
#802=ORIENTED_EDGE('',*,*,#506,.F.);
#803=ORIENTED_EDGE('',*,*,#545,.F.);
#804=ORIENTED_EDGE('',*,*,#563,.T.);
#805=ORIENTED_EDGE('',*,*,#521,.F.);
#806=ORIENTED_EDGE('',*,*,#564,.T.);
#807=ORIENTED_EDGE('',*,*,#461,.T.);
#808=ORIENTED_EDGE('',*,*,#561,.T.);
#809=ORIENTED_EDGE('',*,*,#552,.F.);
#810=ORIENTED_EDGE('',*,*,#453,.F.);
#811=ORIENTED_EDGE('',*,*,#462,.F.);
#812=ORIENTED_EDGE('',*,*,#564,.F.);
#813=ORIENTED_EDGE('',*,*,#563,.F.);
#814=ORIENTED_EDGE('',*,*,#565,.T.);
#815=ORIENTED_EDGE('',*,*,#562,.F.);
#816=ORIENTED_EDGE('',*,*,#565,.F.);
#817=ORIENTED_EDGE('',*,*,#566,.T.);
#818=ORIENTED_EDGE('',*,*,#567,.T.);
#819=ORIENTED_EDGE('',*,*,#568,.F.);
#820=ORIENTED_EDGE('',*,*,#569,.F.);
#821=ORIENTED_EDGE('',*,*,#567,.F.);
#822=ORIENTED_EDGE('',*,*,#570,.T.);
#823=ORIENTED_EDGE('',*,*,#571,.T.);
#824=ORIENTED_EDGE('',*,*,#572,.T.);
#825=ORIENTED_EDGE('',*,*,#573,.F.);
#826=ORIENTED_EDGE('',*,*,#574,.F.);
#827=ORIENTED_EDGE('',*,*,#575,.T.);
#828=ORIENTED_EDGE('',*,*,#570,.F.);
#829=ORIENTED_EDGE('',*,*,#571,.F.);
#830=ORIENTED_EDGE('',*,*,#575,.F.);
#831=ORIENTED_EDGE('',*,*,#573,.T.);
#832=ORIENTED_EDGE('',*,*,#574,.T.);
#833=ORIENTED_EDGE('',*,*,#568,.T.);
#834=ORIENTED_EDGE('',*,*,#569,.T.);
#835=ORIENTED_EDGE('',*,*,#572,.F.);
#836=ORIENTED_EDGE('',*,*,#576,.T.);
#837=ORIENTED_EDGE('',*,*,#566,.F.);
#838=ORIENTED_EDGE('',*,*,#576,.F.);
#839=ORIENTED_EDGE('',*,*,#577,.F.);
#840=ORIENTED_EDGE('',*,*,#578,.T.);
#841=ORIENTED_EDGE('',*,*,#579,.F.);
#842=ORIENTED_EDGE('',*,*,#580,.F.);
#843=ORIENTED_EDGE('',*,*,#581,.F.);
#844=ORIENTED_EDGE('',*,*,#580,.T.);
#845=ORIENTED_EDGE('',*,*,#582,.F.);
#846=ORIENTED_EDGE('',*,*,#583,.F.);
#847=ORIENTED_EDGE('',*,*,#584,.T.);
#848=ORIENTED_EDGE('',*,*,#585,.T.);
#849=ORIENTED_EDGE('',*,*,#583,.T.);
#850=ORIENTED_EDGE('',*,*,#586,.F.);
#851=ORIENTED_EDGE('',*,*,#587,.F.);
#852=ORIENTED_EDGE('',*,*,#578,.F.);
#853=ORIENTED_EDGE('',*,*,#588,.T.);
#854=ORIENTED_EDGE('',*,*,#584,.F.);
#855=ORIENTED_EDGE('',*,*,#587,.T.);
#856=ORIENTED_EDGE('',*,*,#586,.T.);
#857=ORIENTED_EDGE('',*,*,#582,.T.);
#858=ORIENTED_EDGE('',*,*,#579,.T.);
#859=ORIENTED_EDGE('',*,*,#585,.F.);
#860=ORIENTED_EDGE('',*,*,#588,.F.);
#861=ORIENTED_EDGE('',*,*,#577,.T.);
#862=ORIENTED_EDGE('',*,*,#581,.T.);
#863=CYLINDRICAL_SURFACE('',#954,0.5);
#864=CYLINDRICAL_SURFACE('',#964,5.65);
#865=CYLINDRICAL_SURFACE('',#989,2.80000001490116);
#866=CYLINDRICAL_SURFACE('',#994,2.80000001490116);
#867=CYLINDRICAL_SURFACE('',#1022,2.80000001490116);
#868=CYLINDRICAL_SURFACE('',#1024,0.5);
#869=CYLINDRICAL_SURFACE('',#1026,0.5);
#870=CYLINDRICAL_SURFACE('',#1029,2.80000001490116);
#871=CYLINDRICAL_SURFACE('',#1032,0.5);
#872=CYLINDRICAL_SURFACE('',#1034,1.00000001490116);
#873=CYLINDRICAL_SURFACE('',#1044,6.);
#874=CYLINDRICAL_SURFACE('',#1048,4.);
#875=ADVANCED_FACE('',(#119),#863,.T.);
#876=ADVANCED_FACE('',(#120),#104,.T.);
#877=ADVANCED_FACE('',(#121),#103,.T.);
#878=ADVANCED_FACE('',(#122),#864,.T.);
#879=ADVANCED_FACE('',(#123),#105,.T.);
#880=ADVANCED_FACE('',(#124),#34,.T.);
#881=ADVANCED_FACE('',(#125),#35,.T.);
#882=ADVANCED_FACE('',(#126),#36,.T.);
#883=ADVANCED_FACE('',(#127),#37,.T.);
#884=ADVANCED_FACE('',(#128),#26,.F.);
#885=ADVANCED_FACE('',(#129),#38,.T.);
#886=ADVANCED_FACE('',(#130),#39,.T.);
#887=ADVANCED_FACE('',(#131),#40,.T.);
#888=ADVANCED_FACE('',(#132),#41,.T.);
#889=ADVANCED_FACE('',(#133),#42,.T.);
#890=ADVANCED_FACE('',(#134),#27,.F.);
#891=ADVANCED_FACE('',(#135),#43,.T.);
#892=ADVANCED_FACE('',(#136),#44,.F.);
#893=ADVANCED_FACE('',(#137),#865,.T.);
#894=ADVANCED_FACE('',(#138),#45,.T.);
#895=ADVANCED_FACE('',(#139),#24,.T.);
#896=ADVANCED_FACE('',(#140),#46,.T.);
#897=ADVANCED_FACE('',(#141),#866,.T.);
#898=ADVANCED_FACE('',(#142),#47,.F.);
#899=ADVANCED_FACE('',(#143),#48,.F.);
#900=ADVANCED_FACE('',(#144),#49,.F.);
#901=ADVANCED_FACE('',(#145),#50,.F.);
#902=ADVANCED_FACE('',(#146),#51,.F.);
#903=ADVANCED_FACE('',(#147),#52,.F.);
#904=ADVANCED_FACE('',(#148),#53,.F.);
#905=ADVANCED_FACE('',(#149),#28,.T.);
#906=ADVANCED_FACE('',(#150),#29,.T.);
#907=ADVANCED_FACE('',(#151),#30,.T.);
#908=ADVANCED_FACE('',(#152),#31,.T.);
#909=ADVANCED_FACE('',(#153),#54,.F.);
#910=ADVANCED_FACE('',(#154),#55,.F.);
#911=ADVANCED_FACE('',(#155),#32,.T.);
#912=ADVANCED_FACE('',(#156),#33,.T.);
#913=ADVANCED_FACE('',(#157),#867,.T.);
#914=ADVANCED_FACE('',(#158),#56,.T.);
#915=ADVANCED_FACE('',(#159),#25,.T.);
#916=ADVANCED_FACE('',(#160),#57,.T.);
#917=ADVANCED_FACE('',(#161),#868,.T.);
#918=ADVANCED_FACE('',(#162),#106,.F.);
#919=ADVANCED_FACE('',(#163),#869,.T.);
#920=ADVANCED_FACE('',(#164,#20),#107,.F.);
#921=ADVANCED_FACE('',(#165),#870,.T.);
#922=ADVANCED_FACE('',(#166,#21),#108,.F.);
#923=ADVANCED_FACE('',(#167),#871,.T.);
#924=ADVANCED_FACE('',(#168),#109,.F.);
#925=ADVANCED_FACE('',(#169),#872,.F.);
#926=ADVANCED_FACE('',(#170),#110,.F.);
#927=ADVANCED_FACE('',(#171),#13,.F.);
#928=ADVANCED_FACE('',(#172,#22),#111,.T.);
#929=ADVANCED_FACE('',(#173),#873,.T.);
#930=ADVANCED_FACE('',(#174,#23),#112,.T.);
#931=ADVANCED_FACE('',(#175),#874,.T.);
#932=ADVANCED_FACE('',(#176),#113,.T.);
#933=ADVANCED_FACE('',(#177),#114,.T.);
#934=ADVANCED_FACE('',(#178),#115,.T.);
#935=ADVANCED_FACE('',(#179),#116,.T.);
#936=ADVANCED_FACE('',(#180),#117,.T.);
#937=ADVANCED_FACE('',(#181),#118,.F.);
#938=CLOSED_SHELL('',(#875,#876,#877,#878,#879,#880,#881,#882,#883,#884,
#885,#886,#887,#888,#889,#890,#891,#892,#893,#894,#895,#896,#897,#898,#899,
#900,#901,#902,#903,#904,#905,#906,#907,#908,#909,#910,#911,#912,#913,#914,
#915,#916,#917,#918,#919,#920,#921,#922,#923,#924,#925));
#939=CLOSED_SHELL('',(#926,#927,#928,#929,#930,#931));
#940=CLOSED_SHELL('',(#932,#933,#934,#935,#936,#937));
#941=DERIVED_UNIT_ELEMENT(#943,1.);
#942=DERIVED_UNIT_ELEMENT(#2337,3.);
#943=(
MASS_UNIT()
NAMED_UNIT(*)
SI_UNIT(.KILO.,.GRAM.)
);
#944=DERIVED_UNIT((#941,#942));
#945=MEASURE_REPRESENTATION_ITEM('density measure',
POSITIVE_RATIO_MEASURE(7850.),#944);
#946=PROPERTY_DEFINITION_REPRESENTATION(#951,#948);
#947=PROPERTY_DEFINITION_REPRESENTATION(#952,#949);
#948=REPRESENTATION('material name',(#950),#2334);
#949=REPRESENTATION('density',(#945),#2334);
#950=DESCRIPTIVE_REPRESENTATION_ITEM('Steel','Steel');
#951=PROPERTY_DEFINITION('material property','material name',#2344);
#952=PROPERTY_DEFINITION('material property','density of part',#2344);
#953=AXIS2_PLACEMENT_3D('placement',#1288,#1055,#1056);
#954=AXIS2_PLACEMENT_3D('',#1289,#1057,#1058);
#955=AXIS2_PLACEMENT_3D('',#1292,#1059,#1060);
#956=AXIS2_PLACEMENT_3D('',#1296,#1062,#1063);
#957=AXIS2_PLACEMENT_3D('',#1298,#1065,#1066);
#958=AXIS2_PLACEMENT_3D('',#1302,#1068,#1069);
#959=AXIS2_PLACEMENT_3D('',#1306,#1071,#1072);
#960=AXIS2_PLACEMENT_3D('',#1310,#1074,#1075);
#961=AXIS2_PLACEMENT_3D('',#1312,#1077,#1078);
#962=AXIS2_PLACEMENT_3D('',#1314,#1079,#1080);
#963=AXIS2_PLACEMENT_3D('',#1317,#1082,#1083);
#964=AXIS2_PLACEMENT_3D('',#1318,#1084,#1085);
#965=AXIS2_PLACEMENT_3D('',#1338,#1087,#1088);
#966=AXIS2_PLACEMENT_3D('',#1367,#1089,#1090);
#967=AXIS2_PLACEMENT_3D('',#1383,#1091,#1092);
#968=AXIS2_PLACEMENT_3D('',#1405,#1093,#1094);
#969=AXIS2_PLACEMENT_3D('',#1411,#1095,#1096);
#970=AXIS2_PLACEMENT_3D('',#1443,#1097,#1098);
#971=AXIS2_PLACEMENT_3D('',#1471,#1099,#1100);
#972=AXIS2_PLACEMENT_3D('',#1497,#1101,#1102);
#973=AXIS2_PLACEMENT_3D('',#1502,#1103,#1104);
#974=AXIS2_PLACEMENT_3D('',#1504,#1105,#1106);
#975=AXIS2_PLACEMENT_3D('',#1505,#1107,#1108);
#976=AXIS2_PLACEMENT_3D('',#1527,#1109,#1110);
#977=AXIS2_PLACEMENT_3D('',#1553,#1111,#1112);
#978=AXIS2_PLACEMENT_3D('',#1589,#1113,#1114);
#979=AXIS2_PLACEMENT_3D('',#1617,#1115,#1116);
#980=AXIS2_PLACEMENT_3D('',#1643,#1117,#1118);
#981=AXIS2_PLACEMENT_3D('',#1648,#1119,#1120);
#982=AXIS2_PLACEMENT_3D('',#1650,#1121,#1122);
#983=AXIS2_PLACEMENT_3D('',#1651,#1123,#1124);
#984=AXIS2_PLACEMENT_3D('',#1707,#1125,#1126);
#985=AXIS2_PLACEMENT_3D('',#1709,#1127,#1128);
#986=AXIS2_PLACEMENT_3D('',#1711,#1129,#1130);
#987=AXIS2_PLACEMENT_3D('',#1713,#1131,#1132);
#988=AXIS2_PLACEMENT_3D('',#1714,#1133,#1134);
#989=AXIS2_PLACEMENT_3D('',#1715,#1135,#1136);
#990=AXIS2_PLACEMENT_3D('',#1745,#1137,#1138);
#991=AXIS2_PLACEMENT_3D('',#1752,#1139,#1140);
#992=AXIS2_PLACEMENT_3D('',#1754,#1141,#1142);
#993=AXIS2_PLACEMENT_3D('',#1755,#1143,#1144);
#994=AXIS2_PLACEMENT_3D('',#1781,#1145,#1146);
#995=AXIS2_PLACEMENT_3D('',#1782,#1147,#1148);
#996=AXIS2_PLACEMENT_3D('',#1842,#1149,#1150);
#997=AXIS2_PLACEMENT_3D('',#1958,#1151,#1152);
#998=AXIS2_PLACEMENT_3D('',#2017,#1153,#1154);
#999=AXIS2_PLACEMENT_3D('',#2040,#1155,#1156);
#1000=AXIS2_PLACEMENT_3D('',#2047,#1157,#1158);
#1001=AXIS2_PLACEMENT_3D('',#2082,#1159,#1160);
#1002=AXIS2_PLACEMENT_3D('',#2084,#1161,#1162);
#1003=AXIS2_PLACEMENT_3D('',#2085,#1163,#1164);
#1004=AXIS2_PLACEMENT_3D('',#2107,#1165,#1166);
#1005=AXIS2_PLACEMENT_3D('',#2112,#1167,#1168);
#1006=AXIS2_PLACEMENT_3D('',#2113,#1169,#1170);
#1007=AXIS2_PLACEMENT_3D('',#2114,#1171,#1172);
#1008=AXIS2_PLACEMENT_3D('',#2115,#1173,#1174);
#1009=AXIS2_PLACEMENT_3D('',#2116,#1175,#1176);
#1010=AXIS2_PLACEMENT_3D('',#2117,#1177,#1178);
#1011=AXIS2_PLACEMENT_3D('',#2118,#1179,#1180);
#1012=AXIS2_PLACEMENT_3D('',#2119,#1181,#1182);
#1013=AXIS2_PLACEMENT_3D('',#2121,#1183,#1184);
#1014=AXIS2_PLACEMENT_3D('',#2122,#1185,#1186);
#1015=AXIS2_PLACEMENT_3D('',#2169,#1187,#1188);
#1016=AXIS2_PLACEMENT_3D('',#2178,#1189,#1190);
#1017=AXIS2_PLACEMENT_3D('',#2179,#1191,#1192);
#1018=AXIS2_PLACEMENT_3D('',#2180,#1193,#1194);
#1019=AXIS2_PLACEMENT_3D('',#2181,#1195,#1196);
#1020=AXIS2_PLACEMENT_3D('',#2182,#1197,#1198);
#1021=AXIS2_PLACEMENT_3D('',#2183,#1199,#1200);
#1022=AXIS2_PLACEMENT_3D('',#2184,#1201,#1202);
#1023=AXIS2_PLACEMENT_3D('',#2209,#1203,#1204);
#1024=AXIS2_PLACEMENT_3D('',#2234,#1205,#1206);
#1025=AXIS2_PLACEMENT_3D('',#2237,#1209,#1210);
#1026=AXIS2_PLACEMENT_3D('',#2239,#1212,#1213);
#1027=AXIS2_PLACEMENT_3D('',#2241,#1215,#1216);
#1028=AXIS2_PLACEMENT_3D('',#2244,#1218,#1219);
#1029=AXIS2_PLACEMENT_3D('',#2245,#1220,#1221);
#1030=AXIS2_PLACEMENT_3D('',#2246,#1222,#1223);
#1031=AXIS2_PLACEMENT_3D('',#2248,#1224,#1225);
#1032=AXIS2_PLACEMENT_3D('',#2249,#1226,#1227);
#1033=AXIS2_PLACEMENT_3D('',#2251,#1229,#1230);
#1034=AXIS2_PLACEMENT_3D('',#2252,#1231,#1232);
#1035=AXIS2_PLACEMENT_3D('',#2254,#1234,#1235);
#1036=AXIS2_PLACEMENT_3D('',#2256,#1236,#1237);
#1037=AXIS2_PLACEMENT_3D('',#2286,#1238,#1239);
#1038=AXIS2_PLACEMENT_3D('',#2288,#1240,#1241);
#1039=AXIS2_PLACEMENT_3D('',#2289,#1242,#1243);
#1040=AXIS2_PLACEMENT_3D('',#2290,#1244,#1245);
#1041=AXIS2_PLACEMENT_3D('',#2293,#1246,#1247);
#1042=AXIS2_PLACEMENT_3D('',#2294,#1248,#1249);
#1043=AXIS2_PLACEMENT_3D('',#2296,#1250,#1251);
#1044=AXIS2_PLACEMENT_3D('',#2297,#1252,#1253);
#1045=AXIS2_PLACEMENT_3D('',#2300,#1254,#1255);
#1046=AXIS2_PLACEMENT_3D('',#2301,#1256,#1257);
#1047=AXIS2_PLACEMENT_3D('',#2303,#1259,#1260);
#1048=AXIS2_PLACEMENT_3D('',#2304,#1261,#1262);
#1049=AXIS2_PLACEMENT_3D('',#2306,#1264,#1265);
#1050=AXIS2_PLACEMENT_3D('',#2315,#1270,#1271);
#1051=AXIS2_PLACEMENT_3D('',#2321,#1275,#1276);
#1052=AXIS2_PLACEMENT_3D('',#2327,#1280,#1281);
#1053=AXIS2_PLACEMENT_3D('',#2330,#1284,#1285);
#1054=AXIS2_PLACEMENT_3D('',#2331,#1286,#1287);
#1055=DIRECTION('axis',(0.,0.,1.));
#1056=DIRECTION('refdir',(1.,0.,0.));
#1057=DIRECTION('center_axis',(-0.0498754668053817,-0.997509336107633,-0.0498754668053817));
#1058=DIRECTION('ref_axis',(0.705345615858597,-0.0705345615858587,0.7053456158586));
#1059=DIRECTION('center_axis',(-1.71056941445901E-49,-1.,-1.12634343381769E-32));
#1060=DIRECTION('ref_axis',(0.707106781186546,0.,0.707106781186549));
#1061=DIRECTION('',(-0.0498754668053817,-0.997509336107633,-0.0498754668053817));
#1062=DIRECTION('center_axis',(-0.0498754668053783,-0.997509336107634,-0.0498754668053677));
#1063=DIRECTION('ref_axis',(0.998752338877845,-0.0499376169438887,-2.22044604925031E-15));
#1064=DIRECTION('',(0.0498754668053817,0.997509336107633,0.0498754668053817));
#1065=DIRECTION('center_axis',(1.71056941445901E-49,1.,1.12634343381769E-32));
#1066=DIRECTION('ref_axis',(0.,-1.12634343381769E-32,1.));
#1067=DIRECTION('',(0.,0.,-1.));
#1068=DIRECTION('center_axis',(-1.71056941445901E-49,-1.,-1.12634343381769E-32));
#1069=DIRECTION('ref_axis',(0.707106781186549,0.,-0.707106781186546));
#1070=DIRECTION('',(-1.,0.,0.));
#1071=DIRECTION('center_axis',(-1.71056941445901E-49,-1.,-1.12634343381769E-32));
#1072=DIRECTION('ref_axis',(-0.707106781186546,0.,-0.707106781186549));
#1073=DIRECTION('',(0.,0.,1.));
#1074=DIRECTION('center_axis',(-1.71056941445901E-49,-1.,-1.12634343381769E-32));
#1075=DIRECTION('ref_axis',(-0.707106781186549,0.,0.707106781186546));
#1076=DIRECTION('',(1.,0.,0.));
#1077=DIRECTION('center_axis',(0.,1.,0.));
#1078=DIRECTION('ref_axis',(1.,0.,0.));
#1079=DIRECTION('center_axis',(0.,1.,0.));
#1080=DIRECTION('ref_axis',(1.,0.,0.));
#1081=DIRECTION('',(-0.707106781186548,0.707106781186547,-8.65956056235494E-17));
#1082=DIRECTION('center_axis',(0.,-1.,0.));
#1083=DIRECTION('ref_axis',(1.,0.,0.));
#1084=DIRECTION('center_axis',(0.,-1.,0.));
#1085=DIRECTION('ref_axis',(1.,0.,0.));
#1086=DIRECTION('',(0.,1.,0.));
#1087=DIRECTION('center_axis',(0.,1.,0.));
#1088=DIRECTION('ref_axis',(6.12323399573677E-17,0.,-1.));
#1089=DIRECTION('center_axis',(0.,1.,0.));
#1090=DIRECTION('ref_axis',(6.12323399573677E-17,0.,1.));
#1091=DIRECTION('center_axis',(0.,-1.,0.));
#1092=DIRECTION('ref_axis',(1.,0.,0.));
#1093=DIRECTION('center_axis',(-0.286383708892408,-0.653608022532472,0.700557580904111));
#1094=DIRECTION('ref_axis',(0.925643251451337,0.,0.378397371875911));
#1095=DIRECTION('center_axis',(0.288245550176983,0.740912281574183,-0.606599945446509));
#1096=DIRECTION('ref_axis',(1.33226762955019E-14,0.633487348484487,0.773753048013443));
#1097=DIRECTION('center_axis',(0.286383708888717,0.653608023102133,0.700557580374136));
#1098=DIRECTION('ref_axis',(0.925643251352779,3.70074341541719E-16,-0.378397372117005));
#1099=DIRECTION('center_axis',(0.288245550176983,0.740912281574183,0.606599945446508));
#1100=DIRECTION('ref_axis',(0.903213684860955,0.,-0.429191145621499));
#1101=DIRECTION('center_axis',(0.453241838661407,-7.28241658082269E-14,
0.891387590045333));
#1102=DIRECTION('ref_axis',(0.891387590045333,0.,-0.453241838661407));
#1103=DIRECTION('center_axis',(0.,1.,0.));
#1104=DIRECTION('ref_axis',(0.,0.,1.));
#1105=DIRECTION('center_axis',(0.453241838661406,-8.71102461819952E-16,
-0.891387590045334));
#1106=DIRECTION('ref_axis',(-0.891387590045334,0.,-0.453241838661406));
#1107=DIRECTION('center_axis',(0.,-1.,0.));
#1108=DIRECTION('ref_axis',(6.12323399573676E-17,0.,1.));
#1109=DIRECTION('center_axis',(0.288245550176974,-0.740912281574208,-0.606599945446482));
#1110=DIRECTION('ref_axis',(-0.903213684860953,0.,-0.429191145621504));
#1111=DIRECTION('center_axis',(0.286383708892408,-0.653608022532472,-0.700557580904111));
#1112=DIRECTION('ref_axis',(-0.925643251451337,0.,-0.378397371875911));
#1113=DIRECTION('center_axis',(-0.286383708888717,0.653608023102133,-0.700557580374136));
#1114=DIRECTION('ref_axis',(-0.92564325135278,0.,0.378397372117005));
#1115=DIRECTION('center_axis',(-0.288245550176983,0.740912281574183,-0.606599945446509));
#1116=DIRECTION('ref_axis',(-0.903213684860955,0.,0.4291911456215));
#1117=DIRECTION('center_axis',(-0.453241838661406,-5.64909946490719E-14,
-0.891387590045334));
#1118=DIRECTION('ref_axis',(-0.891387590045334,0.,0.453241838661406));
#1119=DIRECTION('center_axis',(0.,1.,0.));
#1120=DIRECTION('ref_axis',(-1.22464679914735E-16,0.,-1.));
#1121=DIRECTION('center_axis',(-0.453241838661406,-1.21954344654793E-15,
0.891387590045334));
#1122=DIRECTION('ref_axis',(0.891387590045334,0.,0.453241838661406));
#1123=DIRECTION('center_axis',(0.,-1.,0.));
#1124=DIRECTION('ref_axis',(6.12323399573676E-17,0.,-1.));
#1125=DIRECTION('center_axis',(0.999330631225473,-0.0365826392500167,0.));
#1126=DIRECTION('ref_axis',(-0.0365826392500167,-0.999330631225473,0.));
#1127=DIRECTION('center_axis',(0.0396108094264732,0.792216188529472,-0.60895360612153));
#1128=DIRECTION('ref_axis',(0.998752338877845,-0.0499376169438918,0.));
#1129=DIRECTION('center_axis',(-0.998752338877845,0.0499376169438923,0.));
#1130=DIRECTION('ref_axis',(-0.0499376169438923,-0.998752338877845,0.));
#1131=DIRECTION('center_axis',(-0.0396108094264724,-0.792216188529447,-0.608953606121563));
#1132=DIRECTION('ref_axis',(0.998752338877845,-0.0499376169438923,0.));
#1133=DIRECTION('center_axis',(0.999330631225473,-0.0365826392500167,0.));
#1134=DIRECTION('ref_axis',(-0.0365826392500167,-0.999330631225473,0.));
#1135=DIRECTION('center_axis',(1.,0.,0.));
#1136=DIRECTION('ref_axis',(0.,1.,0.));
#1137=DIRECTION('center_axis',(6.12323399573677E-17,0.,1.));
#1138=DIRECTION('ref_axis',(1.,0.,0.));
#1139=DIRECTION('center_axis',(-0.998752338877845,-0.0499376169438923,0.));
#1140=DIRECTION('ref_axis',(0.0446477099190682,-0.892954198381362,-0.447927875435411));
#1141=DIRECTION('center_axis',(0.,-0.0499376169438923,-0.998752338877845));
#1142=DIRECTION('ref_axis',(-5.55111512312578E-17,-0.998752338877845,0.0499376169438923));
#1143=DIRECTION('center_axis',(0.998752338877845,-0.0499376169438923,0.));
#1144=DIRECTION('ref_axis',(-0.0446477099190682,-0.892954198381362,-0.447927875435411));
#1145=DIRECTION('center_axis',(1.,0.,0.));
#1146=DIRECTION('ref_axis',(0.,1.,0.));
#1147=DIRECTION('center_axis',(-0.999330631225473,-0.0365826392500167,0.));
#1148=DIRECTION('ref_axis',(0.0365826392500167,-0.999330631225473,0.));
#1149=DIRECTION('center_axis',(0.0498754668053895,-0.997509336107633,-0.0498754668053791));
#1150=DIRECTION('ref_axis',(-2.22044604925031E-15,-0.0499376169438898,0.998752338877845));
#1151=DIRECTION('center_axis',(-0.0498754668053895,-0.997509336107633,0.0498754668053791));
#1152=DIRECTION('ref_axis',(2.22044604925031E-15,-0.0499376169438898,-0.998752338877845));
#1153=DIRECTION('center_axis',(0.0498754668053783,-0.997509336107634,0.0498754668053677));
#1154=DIRECTION('ref_axis',(-0.998752338877845,-0.0499376169438887,2.22044604925031E-15));
#1155=DIRECTION('center_axis',(-0.0396108094264733,0.792216188529472,0.60895360612153));
#1156=DIRECTION('ref_axis',(-0.998752338877845,-0.0499376169438918,0.));
#1157=DIRECTION('center_axis',(0.0142123012971062,-0.284246025942124,-0.958646028118799));
#1158=DIRECTION('ref_axis',(-0.488613190383641,-0.838451433480173,0.241363509831462));
#1159=DIRECTION('center_axis',(-0.999330631225473,-0.0365826392500167,0.));
#1160=DIRECTION('ref_axis',(0.0365826392500167,-0.999330631225473,0.));
#1161=DIRECTION('center_axis',(0.998752338877845,0.0499376169438923,0.));
#1162=DIRECTION('ref_axis',(0.0499376169438923,-0.998752338877845,0.));
#1163=DIRECTION('center_axis',(0.0396108094264724,-0.792216188529447,0.608953606121563));
#1164=DIRECTION('ref_axis',(-0.998752338877845,-0.0499376169438923,0.));
#1165=DIRECTION('center_axis',(0.0142123012971062,-0.284246025942124,0.958646028118799));
#1166=DIRECTION('ref_axis',(-0.998752338877845,-0.0499376169438923,0.));
#1167=DIRECTION('center_axis',(0.998752338877845,0.0499376169438923,0.));
#1168=DIRECTION('ref_axis',(0.,0.,-1.));
#1169=DIRECTION('center_axis',(0.998752338877845,0.0499376169438923,0.));
#1170=DIRECTION('ref_axis',(0.0446477099190682,-0.892954198381362,-0.447927875435411));
#1171=DIRECTION('center_axis',(0.998752338877845,0.0499376169438923,0.));
#1172=DIRECTION('ref_axis',(0.,0.,-1.));
#1173=DIRECTION('center_axis',(0.998752338877845,0.0499376169438923,0.));
#1174=DIRECTION('ref_axis',(0.0446477099190682,-0.892954198381362,0.447927875435411));
#1175=DIRECTION('center_axis',(-0.998752338877845,-0.0499376169438923,0.));
#1176=DIRECTION('ref_axis',(0.0446477099190682,-0.892954198381362,0.447927875435411));
#1177=DIRECTION('center_axis',(0.,0.0499376169438923,0.998752338877845));
#1178=DIRECTION('ref_axis',(1.,0.,0.));
#1179=DIRECTION('center_axis',(0.,0.0499376169438923,0.998752338877845));
#1180=DIRECTION('ref_axis',(-5.55111512312578E-17,-0.998752338877845,0.0499376169438923));
#1181=DIRECTION('center_axis',(-0.998752338877845,0.0499376169438923,0.));
#1182=DIRECTION('ref_axis',(0.,0.,1.));
#1183=DIRECTION('center_axis',(-0.998752338877845,0.0499376169438923,0.));
#1184=DIRECTION('ref_axis',(-0.0446477099190682,-0.892954198381362,-0.447927875435411));
#1185=DIRECTION('center_axis',(0.0142123012971059,0.284246025942123,-0.9586460281188));
#1186=DIRECTION('ref_axis',(0.998752338877845,-0.0499376169438914,0.));
#1187=DIRECTION('center_axis',(-0.014212301297106,-0.284246025942124,-0.958646028118799));
#1188=DIRECTION('ref_axis',(0.998752338877845,-0.0499376169438914,0.));
#1189=DIRECTION('center_axis',(-0.998752338877845,0.0499376169438923,0.));
#1190=DIRECTION('ref_axis',(0.,0.,1.));
#1191=DIRECTION('center_axis',(0.998752338877845,-0.0499376169438923,0.));
#1192=DIRECTION('ref_axis',(-0.0446477099190682,-0.892954198381362,0.447927875435411));
#1193=DIRECTION('center_axis',(-0.998752338877845,0.0499376169438923,0.));
#1194=DIRECTION('ref_axis',(-0.0446477099190682,-0.892954198381362,0.447927875435411));
#1195=DIRECTION('center_axis',(0.,0.0499376169438923,-0.998752338877845));
#1196=DIRECTION('ref_axis',(-1.,0.,0.));
#1197=DIRECTION('center_axis',(0.,-0.0499376169438923,0.998752338877845));
#1198=DIRECTION('ref_axis',(1.22464679914735E-16,-0.998752338877845,-0.0499376169438923));
#1199=DIRECTION('center_axis',(0.,0.0499376169438923,-0.998752338877845));
#1200=DIRECTION('ref_axis',(1.22464679914735E-16,-0.998752338877845,-0.0499376169438923));
#1201=DIRECTION('center_axis',(1.,0.,0.));
#1202=DIRECTION('ref_axis',(0.,1.,0.));
#1203=DIRECTION('center_axis',(6.12323399573677E-17,0.,1.));
#1204=DIRECTION('ref_axis',(1.,0.,0.));
#1205=DIRECTION('center_axis',(-0.0498754668053817,-0.997509336107633,0.0498754668053817));
#1206=DIRECTION('ref_axis',(0.7053456158586,-0.0705345615858587,-0.705345615858597));
#1207=DIRECTION('',(0.0498754668053817,0.997509336107633,-0.0498754668053817));
#1208=DIRECTION('',(-0.0498754668053817,-0.997509336107633,0.0498754668053817));
#1209=DIRECTION('center_axis',(0.,0.0499376169438923,0.998752338877845));
#1210=DIRECTION('ref_axis',(1.,0.,0.));
#1211=DIRECTION('',(0.0498754668053817,-0.997509336107633,0.0498754668053817));
#1212=DIRECTION('center_axis',(0.0498754668053817,-0.997509336107633,0.0498754668053817));
#1213=DIRECTION('ref_axis',(-0.705345615858597,-0.0705345615858587,-0.7053456158586));
#1214=DIRECTION('',(-0.0498754668053817,0.997509336107633,-0.0498754668053817));
#1215=DIRECTION('center_axis',(0.998752338877845,0.0499376169438923,0.));
#1216=DIRECTION('ref_axis',(0.,0.,-1.));
#1217=DIRECTION('',(0.0498754668053817,-0.997509336107633,-0.0498754668053817));
#1218=DIRECTION('center_axis',(0.998752338877845,0.0499376169438923,0.));
#1219=DIRECTION('ref_axis',(-0.0499376169438923,0.998752338877845,0.));
#1220=DIRECTION('center_axis',(1.,0.,0.));
#1221=DIRECTION('ref_axis',(0.,1.,0.));
#1222=DIRECTION('center_axis',(-0.998752338877845,0.0499376169438923,0.));
#1223=DIRECTION('ref_axis',(0.,0.,1.));
#1224=DIRECTION('center_axis',(-0.998752338877845,0.0499376169438923,0.));
#1225=DIRECTION('ref_axis',(0.0499376169438923,0.998752338877845,0.));
#1226=DIRECTION('center_axis',(0.0498754668053817,-0.997509336107633,-0.0498754668053817));
#1227=DIRECTION('ref_axis',(-0.7053456158586,-0.0705345615858587,0.705345615858597));
#1228=DIRECTION('',(-0.0498754668053817,0.997509336107633,0.0498754668053817));
#1229=DIRECTION('center_axis',(0.,0.0499376169438923,-0.998752338877845));
#1230=DIRECTION('ref_axis',(-1.,0.,0.));
#1231=DIRECTION('center_axis',(-1.,0.,0.));
#1232=DIRECTION('ref_axis',(0.,1.,0.));
#1233=DIRECTION('',(-1.,0.,0.));
#1234=DIRECTION('center_axis',(0.,-1.,0.));
#1235=DIRECTION('ref_axis',(0.,0.,-1.));
#1236=DIRECTION('center_axis',(0.,1.,0.));
#1237=DIRECTION('ref_axis',(1.,0.,0.));
#1238=DIRECTION('center_axis',(-1.,0.,-1.22464679914735E-16));
#1239=DIRECTION('ref_axis',(-1.22464679914735E-16,0.,1.));
#1240=DIRECTION('center_axis',(0.,1.,1.11022302462516E-16));
#1241=DIRECTION('ref_axis',(0.,1.11022302462516E-16,-1.));
#1242=DIRECTION('center_axis',(0.,1.,1.11022302462516E-16));
#1243=DIRECTION('ref_axis',(0.,1.11022302462516E-16,-1.));
#1244=DIRECTION('center_axis',(0.,1.,2.22044604925031E-16));
#1245=DIRECTION('ref_axis',(-1.,0.,0.));
#1246=DIRECTION('center_axis',(0.,1.,2.22044604925031E-16));
#1247=DIRECTION('ref_axis',(1.,0.,0.));
#1248=DIRECTION('center_axis',(0.,1.,2.22044604925031E-16));
#1249=DIRECTION('ref_axis',(1.,0.,0.));
#1250=DIRECTION('center_axis',(0.,-1.,0.));
#1251=DIRECTION('ref_axis',(1.,0.,0.));
#1252=DIRECTION('center_axis',(0.,-1.,-2.22044604925031E-16));
#1253=DIRECTION('ref_axis',(1.,0.,0.));
#1254=DIRECTION('center_axis',(0.,-1.,-2.22044604925031E-16));
#1255=DIRECTION('ref_axis',(1.,0.,0.));
#1256=DIRECTION('center_axis',(0.,-1.,-2.22044604925031E-16));
#1257=DIRECTION('ref_axis',(1.,0.,0.));
#1258=DIRECTION('',(0.,1.,2.22044604925031E-16));
#1259=DIRECTION('center_axis',(0.,-1.,-2.22044604925031E-16));
#1260=DIRECTION('ref_axis',(1.,0.,0.));
#1261=DIRECTION('center_axis',(0.,-1.,0.));
#1262=DIRECTION('ref_axis',(1.,0.,0.));
#1263=DIRECTION('',(0.,1.,0.));
#1264=DIRECTION('center_axis',(-1.,0.,-1.92668862806528E-81));
#1265=DIRECTION('ref_axis',(-1.92668862806528E-81,-1.12634343381769E-32,
1.));
#1266=DIRECTION('',(1.92668862806528E-81,1.12634343381769E-32,-1.));
#1267=DIRECTION('',(0.,1.,0.));
#1268=DIRECTION('',(-1.92668862806528E-81,-1.12634343381769E-32,1.));
#1269=DIRECTION('',(0.,1.,0.));
#1270=DIRECTION('center_axis',(0.,0.,-1.));
#1271=DIRECTION('ref_axis',(-1.,1.71056941445901E-49,0.));
#1272=DIRECTION('',(1.,-1.71056941445901E-49,0.));
#1273=DIRECTION('',(-1.,1.71056941445901E-49,0.));
#1274=DIRECTION('',(0.,1.,0.));
#1275=DIRECTION('center_axis',(1.,0.,1.92668862806528E-81));
#1276=DIRECTION('ref_axis',(1.92668862806528E-81,1.12634343381769E-32,-1.));
#1277=DIRECTION('',(0.,-1.,0.));
#1278=DIRECTION('',(0.,0.,-1.));
#1279=DIRECTION('',(1.92668862806528E-81,1.12634343381769E-32,-1.));
#1280=DIRECTION('center_axis',(8.53935755677568E-17,0.,1.));
#1281=DIRECTION('ref_axis',(1.,7.90767989863679E-49,-8.53935755677568E-17));
#1282=DIRECTION('',(1.,7.90767989863679E-49,-8.53935755677568E-17));
#1283=DIRECTION('',(1.,0.,0.));
#1284=DIRECTION('center_axis',(1.71056941445901E-49,1.,1.12634343381769E-32));
#1285=DIRECTION('ref_axis',(-1.,1.71056941445901E-49,0.));
#1286=DIRECTION('center_axis',(1.71056941445901E-49,1.,1.12634343381769E-32));
#1287=DIRECTION('ref_axis',(0.,-1.12634343381769E-32,1.));
#1288=CARTESIAN_POINT('',(0.,0.,0.));
#1289=CARTESIAN_POINT('Origin',(6.48445312451491,5.70155468754851,6.48445312451491));
#1290=CARTESIAN_POINT('',(7.,6.,6.50062383056108));
#1291=CARTESIAN_POINT('',(6.50062383056108,6.,7.));
#1292=CARTESIAN_POINT('Origin',(6.49937539013748,6.,6.49937539013748));
#1293=CARTESIAN_POINT('',(6.32081667052089,2.40385679919637,6.82019283995982));
#1294=CARTESIAN_POINT('',(6.48445312451491,5.67658587907656,6.98382929395383));
#1295=CARTESIAN_POINT('',(6.82019283995982,2.40385679919637,6.32081667052089));
#1296=CARTESIAN_POINT('Origin',(6.3208166705209,2.42882560766831,6.32081667052089));
#1297=CARTESIAN_POINT('',(6.98382929395383,5.67658587907656,6.48445312451491));
#1298=CARTESIAN_POINT('Origin',(1.00929365875014E-16,6.,0.));
#1299=CARTESIAN_POINT('',(7.,6.,-6.50062383056108));
#1300=CARTESIAN_POINT('',(7.,6.,7.));
#1301=CARTESIAN_POINT('',(6.50062383056108,6.,-7.));
#1302=CARTESIAN_POINT('Origin',(6.49937539013748,6.,-6.49937539013748));
#1303=CARTESIAN_POINT('',(-6.50062383056108,6.,-7.));
#1304=CARTESIAN_POINT('',(7.,6.,-7.));
#1305=CARTESIAN_POINT('',(-7.,6.,-6.50062383056108));
#1306=CARTESIAN_POINT('Origin',(-6.49937539013748,6.,-6.49937539013748));
#1307=CARTESIAN_POINT('',(-7.,6.,6.50062383056108));
#1308=CARTESIAN_POINT('',(-7.,6.,-7.));
#1309=CARTESIAN_POINT('',(-6.50062383056108,6.,7.));
#1310=CARTESIAN_POINT('Origin',(-6.49937539013748,6.,6.49937539013748));
#1311=CARTESIAN_POINT('',(-7.,6.,7.));
#1312=CARTESIAN_POINT('Origin',(0.,-4.35,0.));
#1313=CARTESIAN_POINT('',(-5.15,-4.6,6.30693101560887E-16));
#1314=CARTESIAN_POINT('Origin',(0.,-4.6,0.));
#1315=CARTESIAN_POINT('',(-5.65,-4.1,-6.91925441518255E-16));
#1316=CARTESIAN_POINT('',(-5.4,-4.35,-6.61309271539571E-16));
#1317=CARTESIAN_POINT('Origin',(0.,-4.1,0.));
#1318=CARTESIAN_POINT('Origin',(0.,0.,0.));
#1319=CARTESIAN_POINT('',(-5.65,-2.46299372709964,-6.45202520365126E-16));
#1320=CARTESIAN_POINT('',(-5.65,0.,-6.91925441518255E-16));
#1321=CARTESIAN_POINT('',(-5.22988437070006,-1.59570029058356,-2.1379451510989));
#1322=CARTESIAN_POINT('Ctrl Pts',(-5.22988437070229,-1.59570029058933,-2.13794515109344));
#1323=CARTESIAN_POINT('Ctrl Pts',(-5.42396961364852,-2.09745690543174,-1.6631699314629));
#1324=CARTESIAN_POINT('Ctrl Pts',(-5.62618744827494,-2.42034476947664,-0.904120935752465));
#1325=CARTESIAN_POINT('Ctrl Pts',(-5.64962237209279,-2.46223766847963,-0.113012374637412));
#1326=CARTESIAN_POINT('Ctrl Pts',(-5.64950512847168,-2.4624297115415,4.45034089413543E-7));
#1327=CARTESIAN_POINT('',(-5.1031573194644,-1.2488800816584,-2.42492997276147));
#1328=CARTESIAN_POINT('Ctrl Pts',(-5.1031573194644,-1.2488800816584,-2.42492997276147));
#1329=CARTESIAN_POINT('Ctrl Pts',(-5.14531048404491,-1.37161436543156,-2.33622051195891));
#1330=CARTESIAN_POINT('Ctrl Pts',(-5.18800575188498,-1.48743407883066,-2.24038946960486));
#1331=CARTESIAN_POINT('Ctrl Pts',(-5.22988437070006,-1.59570029058356,-2.1379451510989));
#1332=CARTESIAN_POINT('',(-5.03633988375614,-1.1697370554996,-2.56081638843694));
#1333=CARTESIAN_POINT('Ctrl Pts',(-5.03633988375614,-1.1697370554996,-2.56081638843694));
#1334=CARTESIAN_POINT('Ctrl Pts',(-5.06228976263681,-1.1697370554996,-2.50978094107901));
#1335=CARTESIAN_POINT('Ctrl Pts',(-5.08665412740013,-1.20082894532888,-2.45966020675722));
#1336=CARTESIAN_POINT('Ctrl Pts',(-5.10315731946439,-1.24888008165836,-2.4249299727615));
#1337=CARTESIAN_POINT('',(5.03633988375613,-1.1697370554996,-2.56081638843695));
#1338=CARTESIAN_POINT('Origin',(0.,-1.1697370554996,0.));
#1339=CARTESIAN_POINT('',(5.1031573194644,-1.2488800816584,-2.42492997276147));
#1340=CARTESIAN_POINT('Ctrl Pts',(5.10315731946438,-1.24888008165836,-2.4249299727615));
#1341=CARTESIAN_POINT('Ctrl Pts',(5.08665412740013,-1.20082894532888,-2.45966020675722));
#1342=CARTESIAN_POINT('Ctrl Pts',(5.06228976263681,-1.16973705549959,-2.50978094107902));
#1343=CARTESIAN_POINT('Ctrl Pts',(5.03633988375613,-1.1697370554996,-2.56081638843695));
#1344=CARTESIAN_POINT('',(5.22988437014321,-1.59570028914397,-2.13794515246108));
#1345=CARTESIAN_POINT('Ctrl Pts',(5.2298843702028,-1.59570028929804,-2.13794515231529));
#1346=CARTESIAN_POINT('Ctrl Pts',(5.18801045452219,-1.48744623622544,-2.24037796585124));
#1347=CARTESIAN_POINT('Ctrl Pts',(5.14530548460665,-1.37159980893313,-2.33623103305446));
#1348=CARTESIAN_POINT('Ctrl Pts',(5.1031573194644,-1.2488800816584,-2.42492997276147));
#1349=CARTESIAN_POINT('',(5.22988437070006,-1.59570029058356,2.1379451510989));
#1350=CARTESIAN_POINT('Ctrl Pts',(5.22988437070229,-1.59570029058933,2.13794515109344));
#1351=CARTESIAN_POINT('Ctrl Pts',(5.42396961364852,-2.09745690543174,1.66316993146289));
#1352=CARTESIAN_POINT('Ctrl Pts',(5.71284735327875,-2.558717488563,0.578832545719909));
#1353=CARTESIAN_POINT('Ctrl Pts',(5.60648513432866,-2.40166667880651,-1.03083545714739));
#1354=CARTESIAN_POINT('Ctrl Pts',(5.35927453211401,-1.9302046993027,-1.82142833959408));
#1355=CARTESIAN_POINT('Ctrl Pts',(5.22988437014321,-1.59570028914397,-2.13794515246108));
#1356=CARTESIAN_POINT('',(5.10315731946438,-1.24888008165836,2.4249299727615));
#1357=CARTESIAN_POINT('Ctrl Pts',(5.10315731946438,-1.24888008165836,2.4249299727615));
#1358=CARTESIAN_POINT('Ctrl Pts',(5.1453104840449,-1.37161436543153,2.33622051195893));
#1359=CARTESIAN_POINT('Ctrl Pts',(5.18800575188498,-1.48743407883065,2.24038946960487));
#1360=CARTESIAN_POINT('Ctrl Pts',(5.22988437070006,-1.59570029058356,2.1379451510989));
#1361=CARTESIAN_POINT('',(5.03633988375614,-1.1697370554996,2.56081638843694));
#1362=CARTESIAN_POINT('Ctrl Pts',(5.03633988375614,-1.1697370554996,2.56081638843694));
#1363=CARTESIAN_POINT('Ctrl Pts',(5.06228966821571,-1.1697370554996,2.50978112677635));
#1364=CARTESIAN_POINT('Ctrl Pts',(5.08665418744856,-1.20082912016751,2.45966008038795));
#1365=CARTESIAN_POINT('Ctrl Pts',(5.10315731946438,-1.24888008165836,2.4249299727615));
#1366=CARTESIAN_POINT('',(-5.03633988375613,-1.1697370554996,2.56081638843695));
#1367=CARTESIAN_POINT('Origin',(0.,-1.1697370554996,0.));
#1368=CARTESIAN_POINT('',(-5.1031573194644,-1.2488800816584,2.42492997276147));
#1369=CARTESIAN_POINT('Ctrl Pts',(-5.10315731946439,-1.24888008165836,2.4249299727615));
#1370=CARTESIAN_POINT('Ctrl Pts',(-5.08665412740013,-1.20082894532888,2.45966020675722));
#1371=CARTESIAN_POINT('Ctrl Pts',(-5.06228976263681,-1.16973705549959,2.50978094107902));
#1372=CARTESIAN_POINT('Ctrl Pts',(-5.03633988375613,-1.1697370554996,2.56081638843695));
#1373=CARTESIAN_POINT('',(-5.22988437014321,-1.59570028914397,2.13794515246108));
#1374=CARTESIAN_POINT('Ctrl Pts',(-5.2298843702028,-1.59570028929804,2.13794515231529));
#1375=CARTESIAN_POINT('Ctrl Pts',(-5.18801045452219,-1.48744623622544,2.24037796585125));
#1376=CARTESIAN_POINT('Ctrl Pts',(-5.14530548460665,-1.37159980893312,2.33623103305447));
#1377=CARTESIAN_POINT('Ctrl Pts',(-5.1031573194644,-1.2488800816584,2.42492997276147));
#1378=CARTESIAN_POINT('Ctrl Pts',(-5.64950512847168,-2.4624297115415,4.45034089413543E-7));
#1379=CARTESIAN_POINT('Ctrl Pts',(-5.64915345307273,-2.4630057498774,0.338985441131101));
#1380=CARTESIAN_POINT('Ctrl Pts',(-5.57558015400097,-2.34272696072287,1.12967125650364));
#1381=CARTESIAN_POINT('Ctrl Pts',(-5.35927453211401,-1.9302046993027,1.82142833959409));
#1382=CARTESIAN_POINT('Ctrl Pts',(-5.22988437014321,-1.59570028914397,2.13794515246108));
#1383=CARTESIAN_POINT('Origin',(0.,-4.6,0.));
#1384=CARTESIAN_POINT('Ctrl Pts',(-5.78056758311011,-0.773764570295049,
-2.1665085459675));
#1385=CARTESIAN_POINT('Ctrl Pts',(-5.82831630051105,-0.870569075915111,
-2.08725272947147));
#1386=CARTESIAN_POINT('Ctrl Pts',(-5.87667908178122,-0.961919835881905,
-2.00163426850099));
#1387=CARTESIAN_POINT('Ctrl Pts',(-5.92411680928856,-1.04731290440274,-1.9101072990536));
#1388=CARTESIAN_POINT('Ctrl Pts',(-5.6330703598041,-0.808119131668726,-2.13838176824581));
#1389=CARTESIAN_POINT('Ctrl Pts',(-5.67784470053268,-0.904641425022536,
-2.05672684446589));
#1390=CARTESIAN_POINT('Ctrl Pts',(-5.72308648561303,-0.995293963723439,
-1.96902561775703));
#1391=CARTESIAN_POINT('Ctrl Pts',(-5.767260871169,-1.079296800103,-1.87582595637235));
#1392=CARTESIAN_POINT('Ctrl Pts',(-5.33841878832555,-0.938770002129657,
-2.15794792594268));
#1393=CARTESIAN_POINT('Ctrl Pts',(-5.37734502296097,-1.04096381919553,-2.07210041298086));
#1394=CARTESIAN_POINT('Ctrl Pts',(-5.4162457763581,-1.13623263851628,-1.98013841580732));
#1395=CARTESIAN_POINT('Ctrl Pts',(-5.45402498075335,-1.22436582854153,-1.88312389289089));
#1396=CARTESIAN_POINT('Ctrl Pts',(-5.15213937103075,-1.14542989432501,-2.32184942289776));
#1397=CARTESIAN_POINT('Ctrl Pts',(-5.19164472027286,-1.26128355950144,-2.23397047451047));
#1398=CARTESIAN_POINT('Ctrl Pts',(-5.23159803178738,-1.37028773026376,-2.13945508359955));
#1399=CARTESIAN_POINT('Ctrl Pts',(-5.27037446669259,-1.47179680648937,-2.03889746501085));
#1400=CARTESIAN_POINT('Ctrl Pts',(-5.1031573194644,-1.2488800816584,-2.42492997276147));
#1401=CARTESIAN_POINT('Ctrl Pts',(-5.14531048404491,-1.37161436543156,-2.33622051195891));
#1402=CARTESIAN_POINT('Ctrl Pts',(-5.18800575188498,-1.48743407883066,-2.24038946960486));
#1403=CARTESIAN_POINT('Ctrl Pts',(-5.22988437070006,-1.59570029058356,-2.1379451510989));
#1404=CARTESIAN_POINT('',(-5.92411680929162,-1.04731290440202,-1.91010729905452));
#1405=CARTESIAN_POINT('Origin',(-5.92411680928856,-1.59570029058356,-2.42174318000583));
#1406=CARTESIAN_POINT('',(-5.7805675831101,-0.773764570295035,-2.16650854596751));
#1407=CARTESIAN_POINT('Ctrl Pts',(-5.92411680928856,-1.04731290440274,-1.9101072990536));
#1408=CARTESIAN_POINT('Ctrl Pts',(-5.87667908178122,-0.961919835881905,
-2.00163426850099));
#1409=CARTESIAN_POINT('Ctrl Pts',(-5.82831630051105,-0.870569075915111,
-2.08725272947147));
#1410=CARTESIAN_POINT('Ctrl Pts',(-5.78056758311011,-0.773764570295049,
-2.1665085459675));
#1411=CARTESIAN_POINT('Origin',(-5.78056758311011,-1.2488800816584,-2.7468233319776));
#1412=CARTESIAN_POINT('Ctrl Pts',(-5.92411680929302,-1.04731290440731,-1.9101072990487));
#1413=CARTESIAN_POINT('Ctrl Pts',(-6.0268761903931,-1.44149129753653,-1.48761453271731));
#1414=CARTESIAN_POINT('Ctrl Pts',(-6.18200136448514,-1.84186152962153,-0.528274121830949));
#1415=CARTESIAN_POINT('Ctrl Pts',(-6.12490506282498,-1.70045118222859,0.935956391140522));
#1416=CARTESIAN_POINT('Ctrl Pts',(-5.99262306306457,-1.31009849888182,1.62844545622781));
#1417=CARTESIAN_POINT('Ctrl Pts',(-5.92411680899701,-1.04731290327184,1.91010730026573));
#1418=CARTESIAN_POINT('Ctrl Pts',(-5.76726087117299,-1.07929680010725,-1.87582595636704));
#1419=CARTESIAN_POINT('Ctrl Pts',(-5.87326405821455,-1.48281572770192,-1.46488867713253));
#1420=CARTESIAN_POINT('Ctrl Pts',(-6.04019134972741,-1.89632135697219,-0.521997533899891));
#1421=CARTESIAN_POINT('Ctrl Pts',(-5.97794957125472,-1.7499999994564,0.924177240449408));
#1422=CARTESIAN_POINT('Ctrl Pts',(-5.83792966222648,-1.34830941753344,1.6018677715785));
#1423=CARTESIAN_POINT('Ctrl Pts',(-5.76726087086734,-1.07929679894473,1.87582595755129));
#1424=CARTESIAN_POINT('Ctrl Pts',(-5.45402575354807,-1.22436643898884,-1.88312477833047));
#1425=CARTESIAN_POINT('Ctrl Pts',(-5.58414641113258,-1.65880637797399,-1.47389580620942));
#1426=CARTESIAN_POINT('Ctrl Pts',(-5.79367874606707,-2.09529037498336,-0.525370865868275));
#1427=CARTESIAN_POINT('Ctrl Pts',(-5.71482996364401,-1.94200045762071,0.929838599991452));
#1428=CARTESIAN_POINT('Ctrl Pts',(-5.54077285822665,-1.51399306393766,1.61030546495298));
#1429=CARTESIAN_POINT('Ctrl Pts',(-5.45402575317337,-1.22436643773749,1.88312477950885));
#1430=CARTESIAN_POINT('Ctrl Pts',(-5.27037446669477,-1.47179680649463,-2.03889746500522));
#1431=CARTESIAN_POINT('Ctrl Pts',(-5.44347193523671,-1.95108497579146,-1.58995522749192));
#1432=CARTESIAN_POINT('Ctrl Pts',(-5.70796153977453,-2.40414768028791,-0.557740375041411));
#1433=CARTESIAN_POINT('Ctrl Pts',(-5.60978741182906,-2.24832120726234,0.99136198030409));
#1434=CARTESIAN_POINT('Ctrl Pts',(-5.38577277856054,-1.79132225155767,1.73960264149954));
#1435=CARTESIAN_POINT('Ctrl Pts',(-5.2703744661962,-1.47179680511397,2.03889746629878));
#1436=CARTESIAN_POINT('Ctrl Pts',(-5.22988437070229,-1.59570029058933,-2.13794515109344));
#1437=CARTESIAN_POINT('Ctrl Pts',(-5.42396961364852,-2.09745690543174,-1.6631699314629));
#1438=CARTESIAN_POINT('Ctrl Pts',(-5.71284735327874,-2.558717488563,-0.578832545719906));
#1439=CARTESIAN_POINT('Ctrl Pts',(-5.60648513432866,-2.40166667880651,1.03083545714739));
#1440=CARTESIAN_POINT('Ctrl Pts',(-5.35927453211401,-1.9302046993027,1.82142833959409));
#1441=CARTESIAN_POINT('Ctrl Pts',(-5.22988437014321,-1.59570028914397,2.13794515246108));
#1442=CARTESIAN_POINT('',(-5.92411680916654,-1.04731290327805,1.91010730026573));
#1443=CARTESIAN_POINT('Origin',(-5.92411680865779,-1.59570028914397,2.42174318154883));
#1444=CARTESIAN_POINT('Ctrl Pts',(-5.92411680899701,-1.04731290327184,1.91010730026573));
#1445=CARTESIAN_POINT('Ctrl Pts',(-5.99262306306457,-1.31009849888182,1.62844545622781));
#1446=CARTESIAN_POINT('Ctrl Pts',(-6.12490506282498,-1.70045118222859,0.935956391140522));
#1447=CARTESIAN_POINT('Ctrl Pts',(-6.18200136448514,-1.84186152962153,-0.528274121830949));
#1448=CARTESIAN_POINT('Ctrl Pts',(-6.0268761903931,-1.44149129753653,-1.48761453271731));
#1449=CARTESIAN_POINT('Ctrl Pts',(-5.92411680929302,-1.04731290440731,-1.9101072990487));
#1450=CARTESIAN_POINT('Ctrl Pts',(-5.9241168087253,-1.0473129033888,1.91010730014037));
#1451=CARTESIAN_POINT('Ctrl Pts',(-5.87668440866231,-0.961929424813007,
2.00162399068645));
#1452=CARTESIAN_POINT('Ctrl Pts',(-5.82831063743054,-0.870557594733236,
2.08726212934845));
#1453=CARTESIAN_POINT('Ctrl Pts',(-5.78056758311011,-0.773764570295047,
2.1665085459675));
#1454=CARTESIAN_POINT('Ctrl Pts',(-5.76726087064432,-1.0792967991048,1.87582595747874));
#1455=CARTESIAN_POINT('Ctrl Pts',(-5.72309144604518,-0.995303396537439,
1.96901515211573));
#1456=CARTESIAN_POINT('Ctrl Pts',(-5.67783939021839,-0.904629977311523,
2.05673652888115));
#1457=CARTESIAN_POINT('Ctrl Pts',(-5.6330703598041,-0.808119131668725,2.13838176824581));
#1458=CARTESIAN_POINT('Ctrl Pts',(-5.45402498030523,-1.22436582749556,1.88312389404303));
#1459=CARTESIAN_POINT('Ctrl Pts',(-5.41625001866018,-1.13624253513212,1.98012752178964));
#1460=CARTESIAN_POINT('Ctrl Pts',(-5.37734040624218,-1.04095169883198,2.07211059464445));
#1461=CARTESIAN_POINT('Ctrl Pts',(-5.33841878832554,-0.938770002129654,
2.15794792594267));
#1462=CARTESIAN_POINT('Ctrl Pts',(-5.27037446623145,-1.47179680528391,2.03889746620468));
#1463=CARTESIAN_POINT('Ctrl Pts',(-5.23160238607119,-1.37029912888532,2.13944379171242));
#1464=CARTESIAN_POINT('Ctrl Pts',(-5.19164003487008,-1.26126981905627,2.23398089710582));
#1465=CARTESIAN_POINT('Ctrl Pts',(-5.15213937103075,-1.14542989432501,2.32184942289777));
#1466=CARTESIAN_POINT('Ctrl Pts',(-5.2298843702028,-1.59570028929804,2.13794515231529));
#1467=CARTESIAN_POINT('Ctrl Pts',(-5.18801045452219,-1.48744623622544,2.24037796585125));
#1468=CARTESIAN_POINT('Ctrl Pts',(-5.14530548460665,-1.37159980893312,2.33623103305447));
#1469=CARTESIAN_POINT('Ctrl Pts',(-5.1031573194644,-1.2488800816584,2.42492997276147));
#1470=CARTESIAN_POINT('',(-5.7805675831101,-0.773764570295034,2.16650854596752));
#1471=CARTESIAN_POINT('Origin',(-5.78056758311011,-1.2488800816584,2.7468233319776));
#1472=CARTESIAN_POINT('Ctrl Pts',(-5.78056758311011,-0.773764570295047,
2.1665085459675));
#1473=CARTESIAN_POINT('Ctrl Pts',(-5.82831063743054,-0.870557594733236,
2.08726212934845));
#1474=CARTESIAN_POINT('Ctrl Pts',(-5.87668440866231,-0.961929424813007,
2.00162399068645));
#1475=CARTESIAN_POINT('Ctrl Pts',(-5.9241168087253,-1.0473129033888,1.91010730014037));
#1476=CARTESIAN_POINT('Ctrl Pts',(-5.03633988375613,-1.1697370554996,2.56081638843695));
#1477=CARTESIAN_POINT('Ctrl Pts',(-5.06228976263681,-1.16973705549959,2.50978094107902));
#1478=CARTESIAN_POINT('Ctrl Pts',(-5.08665412740013,-1.20082894532888,2.45966020675722));
#1479=CARTESIAN_POINT('Ctrl Pts',(-5.10315731946439,-1.24888008165836,2.4249299727615));
#1480=CARTESIAN_POINT('Ctrl Pts',(-5.03633988375613,-1.0339060285167,2.56081638843695));
#1481=CARTESIAN_POINT('Ctrl Pts',(-5.08066266696563,-1.03480875393479,2.47366804813061));
#1482=CARTESIAN_POINT('Ctrl Pts',(-5.12206476740901,-1.07717363381457,2.38735936499868));
#1483=CARTESIAN_POINT('Ctrl Pts',(-5.15213937103074,-1.14542989432497,2.32184942289779));
#1484=CARTESIAN_POINT('Ctrl Pts',(-5.10372608415456,-0.762426507041965,
2.59508009786042));
#1485=CARTESIAN_POINT('Ctrl Pts',(-5.18413015901828,-0.765117078628589,
2.43466746410021));
#1486=CARTESIAN_POINT('Ctrl Pts',(-5.26711412907619,-0.830031568708818,
2.27859227957967));
#1487=CARTESIAN_POINT('Ctrl Pts',(-5.33841755425727,-0.938769136590668,
2.15794628235019));
#1488=CARTESIAN_POINT('Ctrl Pts',(-5.2865424691954,-0.569156385031655,2.68803633308143));
#1489=CARTESIAN_POINT('Ctrl Pts',(-5.39185028194466,-0.572128664311585,
2.47314575863551));
#1490=CARTESIAN_POINT('Ctrl Pts',(-5.51823718531335,-0.663054872469257,
2.27439181049854));
#1491=CARTESIAN_POINT('Ctrl Pts',(-5.63307035980409,-0.808119131668697,
2.13838176824583));
#1492=CARTESIAN_POINT('Ctrl Pts',(-5.39370527212885,-0.505933216108709,
2.74252516193667));
#1493=CARTESIAN_POINT('Ctrl Pts',(-5.50695190389209,-0.508449260426979,
2.50924803413985));
#1494=CARTESIAN_POINT('Ctrl Pts',(-5.651169911576,-0.613134725920739,2.2980194646791));
#1495=CARTESIAN_POINT('Ctrl Pts',(-5.7805675831101,-0.773764570295019,2.16650854596753));
#1496=CARTESIAN_POINT('',(-5.39370527212761,-0.505933216109431,2.74252516193608));
#1497=CARTESIAN_POINT('Origin',(-5.70488057629013,-1.1697370554996,2.900747767433));
#1498=CARTESIAN_POINT('Ctrl Pts',(-5.39370527212885,-0.505933216108709,
2.74252516193667));
#1499=CARTESIAN_POINT('Ctrl Pts',(-5.50695190389209,-0.508449260426979,
2.50924803413985));
#1500=CARTESIAN_POINT('Ctrl Pts',(-5.651169911576,-0.613134725920739,2.2980194646791));
#1501=CARTESIAN_POINT('Ctrl Pts',(-5.7805675831101,-0.773764570295019,2.16650854596753));
#1502=CARTESIAN_POINT('Origin',(0.,-1.1697370554996,0.));
#1503=CARTESIAN_POINT('',(5.39370527212886,-0.505933216108712,2.74252516193665));
#1504=CARTESIAN_POINT('Origin',(5.70488057629014,-1.1697370554996,2.900747767433));
#1505=CARTESIAN_POINT('Origin',(0.,-0.505933216108709,0.));
#1506=CARTESIAN_POINT('Ctrl Pts',(5.10315731946438,-1.24888008165836,2.4249299727615));
#1507=CARTESIAN_POINT('Ctrl Pts',(5.08665418744856,-1.20082912016751,2.45966008038795));
#1508=CARTESIAN_POINT('Ctrl Pts',(5.06228966821571,-1.1697370554996,2.50978112677635));
#1509=CARTESIAN_POINT('Ctrl Pts',(5.03633988375614,-1.1697370554996,2.56081638843694));
#1510=CARTESIAN_POINT('Ctrl Pts',(5.15213937103074,-1.14542989432497,2.32184942289779));
#1511=CARTESIAN_POINT('Ctrl Pts',(5.12206487683832,-1.07717388217148,2.38735912663452));
#1512=CARTESIAN_POINT('Ctrl Pts',(5.08066250569296,-1.03480875065014,2.47366836522815));
#1513=CARTESIAN_POINT('Ctrl Pts',(5.03633988375614,-1.0339060285167,2.56081638843694));
#1514=CARTESIAN_POINT('Ctrl Pts',(5.33841755425727,-0.938769136590667,2.15794628235019));
#1515=CARTESIAN_POINT('Ctrl Pts',(5.2671143885205,-0.83003196436082,2.27859184059771));
#1516=CARTESIAN_POINT('Ctrl Pts',(5.1841298664604,-0.765117068838692,2.43466804777685));
#1517=CARTESIAN_POINT('Ctrl Pts',(5.10372608415457,-0.762426507041966,2.5950800978604));
#1518=CARTESIAN_POINT('Ctrl Pts',(5.63307035980409,-0.808119131668696,2.13838176824583));
#1519=CARTESIAN_POINT('Ctrl Pts',(5.5182376031448,-0.663055400299389,2.27439131561304));
#1520=CARTESIAN_POINT('Ctrl Pts',(5.39184989877216,-0.572128653496668,2.47314654053533));
#1521=CARTESIAN_POINT('Ctrl Pts',(5.28654246919541,-0.569156385031656,2.68803633308141));
#1522=CARTESIAN_POINT('Ctrl Pts',(5.7805675831101,-0.773764570295019,2.16650854596753));
#1523=CARTESIAN_POINT('Ctrl Pts',(5.65117038240176,-0.613135310387736,2.29801898616409));
#1524=CARTESIAN_POINT('Ctrl Pts',(5.50695149183344,-0.508449251272117,2.50924888294089));
#1525=CARTESIAN_POINT('Ctrl Pts',(5.39370527212886,-0.505933216108709,2.74252516193665));
#1526=CARTESIAN_POINT('',(5.78056758311011,-0.773764570295013,2.16650854596753));
#1527=CARTESIAN_POINT('Origin',(5.7805675831101,-1.24888008165836,2.74682333197763));
#1528=CARTESIAN_POINT('Ctrl Pts',(5.7805675831101,-0.773764570295019,2.16650854596753));
#1529=CARTESIAN_POINT('Ctrl Pts',(5.65117038240176,-0.613135310387736,2.29801898616409));
#1530=CARTESIAN_POINT('Ctrl Pts',(5.50695149183344,-0.508449251272117,2.50924888294089));
#1531=CARTESIAN_POINT('Ctrl Pts',(5.39370527212886,-0.505933216108709,2.74252516193665));
#1532=CARTESIAN_POINT('Ctrl Pts',(5.7805675831101,-0.773764570295018,2.16650854596753));
#1533=CARTESIAN_POINT('Ctrl Pts',(5.82831630051104,-0.870569075915093,2.08725272947148));
#1534=CARTESIAN_POINT('Ctrl Pts',(5.87667908178122,-0.961919835881896,2.001634268501));
#1535=CARTESIAN_POINT('Ctrl Pts',(5.92411680928856,-1.04731290440274,1.9101072990536));
#1536=CARTESIAN_POINT('Ctrl Pts',(5.63307035980409,-0.808119131668696,2.13838176824583));
#1537=CARTESIAN_POINT('Ctrl Pts',(5.67784470053267,-0.904641425022518,2.05672684446591));
#1538=CARTESIAN_POINT('Ctrl Pts',(5.72308648561302,-0.995293963723431,1.96902561775704));
#1539=CARTESIAN_POINT('Ctrl Pts',(5.767260871169,-1.07929680010301,1.87582595637235));
#1540=CARTESIAN_POINT('Ctrl Pts',(5.33841878832554,-0.938770002129625,2.15794792594271));
#1541=CARTESIAN_POINT('Ctrl Pts',(5.37734502296096,-1.04096381919551,2.07210041298088));
#1542=CARTESIAN_POINT('Ctrl Pts',(5.41624577635809,-1.13623263851627,1.98013841580733));
#1543=CARTESIAN_POINT('Ctrl Pts',(5.45402498075335,-1.22436582854153,1.88312389289089));
#1544=CARTESIAN_POINT('Ctrl Pts',(5.15213937103074,-1.14542989432497,2.32184942289779));
#1545=CARTESIAN_POINT('Ctrl Pts',(5.19164472027286,-1.26128355950141,2.23397047451049));
#1546=CARTESIAN_POINT('Ctrl Pts',(5.23159803178737,-1.37028773026375,2.13945508359956));
#1547=CARTESIAN_POINT('Ctrl Pts',(5.27037446669259,-1.47179680648937,2.03889746501085));
#1548=CARTESIAN_POINT('Ctrl Pts',(5.10315731946438,-1.24888008165836,2.4249299727615));
#1549=CARTESIAN_POINT('Ctrl Pts',(5.1453104840449,-1.37161436543153,2.33622051195893));
#1550=CARTESIAN_POINT('Ctrl Pts',(5.18800575188498,-1.48743407883065,2.24038946960487));
#1551=CARTESIAN_POINT('Ctrl Pts',(5.22988437070006,-1.59570029058356,2.1379451510989));
#1552=CARTESIAN_POINT('',(5.92411680929162,-1.04731290440202,1.91010729905452));
#1553=CARTESIAN_POINT('Origin',(5.92411680928856,-1.59570029058356,2.42174318000583));
#1554=CARTESIAN_POINT('Ctrl Pts',(5.92411680928856,-1.04731290440274,1.9101072990536));
#1555=CARTESIAN_POINT('Ctrl Pts',(5.87667908178122,-0.961919835881896,2.001634268501));
#1556=CARTESIAN_POINT('Ctrl Pts',(5.82831630051104,-0.870569075915093,2.08725272947148));
#1557=CARTESIAN_POINT('Ctrl Pts',(5.7805675831101,-0.773764570295018,2.16650854596753));
#1558=CARTESIAN_POINT('Ctrl Pts',(5.92411680929302,-1.04731290440731,1.9101072990487));
#1559=CARTESIAN_POINT('Ctrl Pts',(6.0268761903931,-1.44149129753653,1.48761453271731));
#1560=CARTESIAN_POINT('Ctrl Pts',(6.18200136448513,-1.84186152962153,0.528274121830948));
#1561=CARTESIAN_POINT('Ctrl Pts',(6.12490506282498,-1.70045118222859,-0.935956391140525));
#1562=CARTESIAN_POINT('Ctrl Pts',(5.99262306306457,-1.31009849888182,-1.62844545622781));
#1563=CARTESIAN_POINT('Ctrl Pts',(5.92411680899701,-1.04731290327184,-1.91010730026573));
#1564=CARTESIAN_POINT('Ctrl Pts',(5.76726087117299,-1.07929680010725,1.87582595636704));
#1565=CARTESIAN_POINT('Ctrl Pts',(5.87326405821455,-1.48281572770192,1.46488867713252));
#1566=CARTESIAN_POINT('Ctrl Pts',(6.04019134972741,-1.89632135697219,0.521997533899891));
#1567=CARTESIAN_POINT('Ctrl Pts',(5.97794957125472,-1.7499999994564,-0.924177240449411));
#1568=CARTESIAN_POINT('Ctrl Pts',(5.83792966222648,-1.34830941753344,-1.6018677715785));
#1569=CARTESIAN_POINT('Ctrl Pts',(5.76726087086734,-1.07929679894473,-1.87582595755129));
#1570=CARTESIAN_POINT('Ctrl Pts',(5.45402575354807,-1.22436643898884,1.88312477833047));
#1571=CARTESIAN_POINT('Ctrl Pts',(5.58414641113258,-1.65880637797399,1.47389580620941));
#1572=CARTESIAN_POINT('Ctrl Pts',(5.79367874606707,-2.09529037498336,0.525370865868278));
#1573=CARTESIAN_POINT('Ctrl Pts',(5.71482996364401,-1.94200045762071,-0.929838599991452));
#1574=CARTESIAN_POINT('Ctrl Pts',(5.54077285822666,-1.51399306393767,-1.61030546495298));
#1575=CARTESIAN_POINT('Ctrl Pts',(5.45402575317337,-1.22436643773749,-1.88312477950885));
#1576=CARTESIAN_POINT('Ctrl Pts',(5.27037446669478,-1.47179680649463,2.03889746500522));
#1577=CARTESIAN_POINT('Ctrl Pts',(5.44347193523671,-1.95108497579147,1.58995522749191));
#1578=CARTESIAN_POINT('Ctrl Pts',(5.70796153977453,-2.40414768028791,0.557740375041412));
#1579=CARTESIAN_POINT('Ctrl Pts',(5.60978741182906,-2.24832120726234,-0.991361980304091));
#1580=CARTESIAN_POINT('Ctrl Pts',(5.38577277856054,-1.79132225155767,-1.73960264149954));
#1581=CARTESIAN_POINT('Ctrl Pts',(5.2703744661962,-1.47179680511397,-2.03889746629878));
#1582=CARTESIAN_POINT('Ctrl Pts',(5.22988437070229,-1.59570029058933,2.13794515109344));
#1583=CARTESIAN_POINT('Ctrl Pts',(5.42396961364852,-2.09745690543174,1.66316993146289));
#1584=CARTESIAN_POINT('Ctrl Pts',(5.71284735327875,-2.558717488563,0.578832545719909));
#1585=CARTESIAN_POINT('Ctrl Pts',(5.60648513432866,-2.40166667880651,-1.03083545714739));
#1586=CARTESIAN_POINT('Ctrl Pts',(5.35927453211401,-1.9302046993027,-1.82142833959408));
#1587=CARTESIAN_POINT('Ctrl Pts',(5.22988437014321,-1.59570028914397,-2.13794515246108));
#1588=CARTESIAN_POINT('',(5.92411680916654,-1.04731290327805,-1.91010730026573));
#1589=CARTESIAN_POINT('Origin',(5.92411680865779,-1.59570028914397,-2.42174318154883));
#1590=CARTESIAN_POINT('Ctrl Pts',(5.92411680899701,-1.04731290327184,-1.91010730026573));
#1591=CARTESIAN_POINT('Ctrl Pts',(5.99262306306457,-1.31009849888182,-1.62844545622781));
#1592=CARTESIAN_POINT('Ctrl Pts',(6.12490506282498,-1.70045118222859,-0.935956391140525));
#1593=CARTESIAN_POINT('Ctrl Pts',(6.18200136448513,-1.84186152962153,0.528274121830948));
#1594=CARTESIAN_POINT('Ctrl Pts',(6.0268761903931,-1.44149129753653,1.48761453271731));
#1595=CARTESIAN_POINT('Ctrl Pts',(5.92411680929302,-1.04731290440731,1.9101072990487));
#1596=CARTESIAN_POINT('Ctrl Pts',(5.9241168087253,-1.0473129033888,-1.91010730014037));
#1597=CARTESIAN_POINT('Ctrl Pts',(5.87668440866231,-0.961929424813008,-2.00162399068645));
#1598=CARTESIAN_POINT('Ctrl Pts',(5.82831063743054,-0.870557594733237,-2.08726212934844));
#1599=CARTESIAN_POINT('Ctrl Pts',(5.78056758311011,-0.773764570295048,-2.1665085459675));
#1600=CARTESIAN_POINT('Ctrl Pts',(5.76726087064432,-1.0792967991048,-1.87582595747874));
#1601=CARTESIAN_POINT('Ctrl Pts',(5.72309144604518,-0.99530339653744,-1.96901515211573));
#1602=CARTESIAN_POINT('Ctrl Pts',(5.67783939021839,-0.904629977311525,-2.05673652888115));
#1603=CARTESIAN_POINT('Ctrl Pts',(5.6330703598041,-0.808119131668726,-2.13838176824581));
#1604=CARTESIAN_POINT('Ctrl Pts',(5.45402498030523,-1.22436582749556,-1.88312389404303));
#1605=CARTESIAN_POINT('Ctrl Pts',(5.41625001866018,-1.13624253513212,-1.98012752178964));
#1606=CARTESIAN_POINT('Ctrl Pts',(5.37734040624219,-1.04095169883199,-2.07211059464444));
#1607=CARTESIAN_POINT('Ctrl Pts',(5.33841878832554,-0.938770002129654,-2.15794792594267));
#1608=CARTESIAN_POINT('Ctrl Pts',(5.27037446623145,-1.47179680528391,-2.03889746620467));
#1609=CARTESIAN_POINT('Ctrl Pts',(5.23160238607119,-1.37029912888532,-2.13944379171241));
#1610=CARTESIAN_POINT('Ctrl Pts',(5.19164003487009,-1.26126981905628,-2.23398089710581));
#1611=CARTESIAN_POINT('Ctrl Pts',(5.15213937103075,-1.14542989432501,-2.32184942289776));
#1612=CARTESIAN_POINT('Ctrl Pts',(5.2298843702028,-1.59570028929804,-2.13794515231529));
#1613=CARTESIAN_POINT('Ctrl Pts',(5.18801045452219,-1.48744623622544,-2.24037796585124));
#1614=CARTESIAN_POINT('Ctrl Pts',(5.14530548460665,-1.37159980893313,-2.33623103305446));
#1615=CARTESIAN_POINT('Ctrl Pts',(5.1031573194644,-1.2488800816584,-2.42492997276147));
#1616=CARTESIAN_POINT('',(5.7805675831101,-0.773764570295034,-2.16650854596751));
#1617=CARTESIAN_POINT('Origin',(5.78056758311011,-1.2488800816584,-2.7468233319776));
#1618=CARTESIAN_POINT('Ctrl Pts',(5.78056758311011,-0.773764570295048,-2.1665085459675));
#1619=CARTESIAN_POINT('Ctrl Pts',(5.82831063743054,-0.870557594733237,-2.08726212934844));
#1620=CARTESIAN_POINT('Ctrl Pts',(5.87668440866231,-0.961929424813008,-2.00162399068645));
#1621=CARTESIAN_POINT('Ctrl Pts',(5.9241168087253,-1.0473129033888,-1.91010730014037));
#1622=CARTESIAN_POINT('Ctrl Pts',(5.03633988375613,-1.1697370554996,-2.56081638843695));
#1623=CARTESIAN_POINT('Ctrl Pts',(5.06228976263681,-1.16973705549959,-2.50978094107902));
#1624=CARTESIAN_POINT('Ctrl Pts',(5.08665412740013,-1.20082894532888,-2.45966020675722));
#1625=CARTESIAN_POINT('Ctrl Pts',(5.10315731946438,-1.24888008165836,-2.4249299727615));
#1626=CARTESIAN_POINT('Ctrl Pts',(5.03633988375613,-1.0339060285167,-2.56081638843695));
#1627=CARTESIAN_POINT('Ctrl Pts',(5.08066266696563,-1.03480875393479,-2.47366804813061));
#1628=CARTESIAN_POINT('Ctrl Pts',(5.12206476740901,-1.07717363381457,-2.38735936499868));
#1629=CARTESIAN_POINT('Ctrl Pts',(5.15213937103074,-1.14542989432497,-2.32184942289779));
#1630=CARTESIAN_POINT('Ctrl Pts',(5.10372608415457,-0.762426507041964,-2.59508009786041));
#1631=CARTESIAN_POINT('Ctrl Pts',(5.18413015901828,-0.765117078628588,-2.43466746410021));
#1632=CARTESIAN_POINT('Ctrl Pts',(5.2671141290762,-0.830031568708817,-2.27859227957967));
#1633=CARTESIAN_POINT('Ctrl Pts',(5.33841755425727,-0.938769136590668,-2.15794628235019));
#1634=CARTESIAN_POINT('Ctrl Pts',(5.28654246919541,-0.569156385031653,-2.68803633308143));
#1635=CARTESIAN_POINT('Ctrl Pts',(5.39185028194467,-0.572128664311584,-2.4731457586355));
#1636=CARTESIAN_POINT('Ctrl Pts',(5.51823718531335,-0.663054872469256,-2.27439181049854));
#1637=CARTESIAN_POINT('Ctrl Pts',(5.63307035980409,-0.808119131668696,-2.13838176824583));
#1638=CARTESIAN_POINT('Ctrl Pts',(5.39370527212885,-0.505933216108707,-2.74252516193667));
#1639=CARTESIAN_POINT('Ctrl Pts',(5.5069519038921,-0.508449260426978,-2.50924803413984));
#1640=CARTESIAN_POINT('Ctrl Pts',(5.651169911576,-0.613134725920738,-2.2980194646791));
#1641=CARTESIAN_POINT('Ctrl Pts',(5.7805675831101,-0.773764570295019,-2.16650854596753));
#1642=CARTESIAN_POINT('',(5.39370527212788,-0.505933216109278,-2.7425251619362));
#1643=CARTESIAN_POINT('Origin',(5.70488057629014,-1.1697370554996,-2.900747767433));
#1644=CARTESIAN_POINT('Ctrl Pts',(5.39370527212885,-0.505933216108707,-2.74252516193667));
#1645=CARTESIAN_POINT('Ctrl Pts',(5.5069519038921,-0.508449260426978,-2.50924803413984));
#1646=CARTESIAN_POINT('Ctrl Pts',(5.651169911576,-0.613134725920738,-2.2980194646791));
#1647=CARTESIAN_POINT('Ctrl Pts',(5.7805675831101,-0.773764570295019,-2.16650854596753));
#1648=CARTESIAN_POINT('Origin',(0.,-1.1697370554996,0.));
#1649=CARTESIAN_POINT('',(-5.39370527212886,-0.505933216108711,-2.74252516193665));
#1650=CARTESIAN_POINT('Origin',(-5.70488057629014,-1.1697370554996,-2.900747767433));
#1651=CARTESIAN_POINT('Origin',(0.,-0.505933216108709,0.));
#1652=CARTESIAN_POINT('Ctrl Pts',(-5.10315731946439,-1.24888008165836,-2.4249299727615));
#1653=CARTESIAN_POINT('Ctrl Pts',(-5.08665412740013,-1.20082894532888,-2.45966020675722));
#1654=CARTESIAN_POINT('Ctrl Pts',(-5.06228976263681,-1.1697370554996,-2.50978094107901));
#1655=CARTESIAN_POINT('Ctrl Pts',(-5.03633988375614,-1.1697370554996,-2.56081638843694));
#1656=CARTESIAN_POINT('Ctrl Pts',(-5.15213937103074,-1.14542989432497,-2.32184942289779));
#1657=CARTESIAN_POINT('Ctrl Pts',(-5.12206476740901,-1.07717363381457,-2.38735936499868));
#1658=CARTESIAN_POINT('Ctrl Pts',(-5.08066266696563,-1.0348087539348,-2.47366804813061));
#1659=CARTESIAN_POINT('Ctrl Pts',(-5.03633988375614,-1.0339060285167,-2.56081638843694));
#1660=CARTESIAN_POINT('Ctrl Pts',(-5.33841755425727,-0.938769136590667,
-2.15794628235019));
#1661=CARTESIAN_POINT('Ctrl Pts',(-5.26711412907619,-0.830031568708818,
-2.27859227957967));
#1662=CARTESIAN_POINT('Ctrl Pts',(-5.18413015901829,-0.765117078628594,
-2.4346674641002));
#1663=CARTESIAN_POINT('Ctrl Pts',(-5.10372608415457,-0.762426507041967,
-2.5950800978604));
#1664=CARTESIAN_POINT('Ctrl Pts',(-5.63307035980409,-0.808119131668696,
-2.13838176824583));
#1665=CARTESIAN_POINT('Ctrl Pts',(-5.51823718531335,-0.663054872469257,
-2.27439181049854));
#1666=CARTESIAN_POINT('Ctrl Pts',(-5.39185028194467,-0.572128664311591,
-2.4731457586355));
#1667=CARTESIAN_POINT('Ctrl Pts',(-5.28654246919541,-0.569156385031657,
-2.68803633308141));
#1668=CARTESIAN_POINT('Ctrl Pts',(-5.7805675831101,-0.773764570295018,-2.16650854596753));
#1669=CARTESIAN_POINT('Ctrl Pts',(-5.651169911576,-0.613134725920739,-2.2980194646791));
#1670=CARTESIAN_POINT('Ctrl Pts',(-5.5069519038921,-0.508449260426986,-2.50924803413984));
#1671=CARTESIAN_POINT('Ctrl Pts',(-5.39370527212886,-0.505933216108711,
-2.74252516193665));
#1672=CARTESIAN_POINT('Ctrl Pts',(-5.7805675831101,-0.773764570295018,-2.16650854596753));
#1673=CARTESIAN_POINT('Ctrl Pts',(-5.651169911576,-0.613134725920739,-2.2980194646791));
#1674=CARTESIAN_POINT('Ctrl Pts',(-5.5069519038921,-0.508449260426986,-2.50924803413984));
#1675=CARTESIAN_POINT('Ctrl Pts',(-5.39370527212886,-0.505933216108711,
-2.74252516193665));
#1676=CARTESIAN_POINT('Ctrl Pts',(5.93659631594455,-0.70640930878937,2.21994759025265));
#1677=CARTESIAN_POINT('Ctrl Pts',(5.92242581979919,-1.09350578810407,1.92239775422466));
#1678=CARTESIAN_POINT('Ctrl Pts',(5.89998666617807,-1.70647778826816,1.12192195690196));
#1679=CARTESIAN_POINT('Ctrl Pts',(5.89134602645108,-1.94251477547278,-0.635356064579298));
#1680=CARTESIAN_POINT('Ctrl Pts',(5.91534057172651,-1.28705402776148,-1.77362283621061));
#1681=CARTESIAN_POINT('Ctrl Pts',(5.93659631594455,-0.706409308789433,-2.2199475902526));
#1682=CARTESIAN_POINT('Ctrl Pts',(6.15647476629411,-0.713320008905546,2.2146355355162));
#1683=CARTESIAN_POINT('Ctrl Pts',(6.14134499365778,-1.09881015350144,1.9163471586275));
#1684=CARTESIAN_POINT('Ctrl Pts',(6.11746315952916,-1.70736575700412,1.11758100432261));
#1685=CARTESIAN_POINT('Ctrl Pts',(6.10827873564298,-1.9412538646745,-0.632898540943824));
#1686=CARTESIAN_POINT('Ctrl Pts',(6.13378010733962,-1.29155522579944,-1.76720297018309));
#1687=CARTESIAN_POINT('Ctrl Pts',(6.1564747662941,-0.713320008905609,-2.21463553551615));
#1688=CARTESIAN_POINT('Ctrl Pts',(6.53769960473199,-0.615306972113343,2.06232813816218));
#1689=CARTESIAN_POINT('Ctrl Pts',(6.5210371211414,-0.973246781713931,1.78413160473639));
#1690=CARTESIAN_POINT('Ctrl Pts',(6.49469827744109,-1.5383913180317,1.03901297556519));
#1691=CARTESIAN_POINT('Ctrl Pts',(6.48458197621155,-1.75535050131829,-0.587983993276999));
#1692=CARTESIAN_POINT('Ctrl Pts',(6.5127058793461,-1.15221668651427,-1.64503333802343));
#1693=CARTESIAN_POINT('Ctrl Pts',(6.53769960473199,-0.615306972113402,-2.06232813816214));
#1694=CARTESIAN_POINT('Ctrl Pts',(6.68064180434379,-0.387163913124292,1.75622816767877));
#1695=CARTESIAN_POINT('Ctrl Pts',(6.66534394387447,-0.692874183899307,1.52031175660913));
#1696=CARTESIAN_POINT('Ctrl Pts',(6.64117266536738,-1.1764983006225,0.886587107063583));
#1697=CARTESIAN_POINT('Ctrl Pts',(6.63187571647457,-1.36253100713598,-0.501951854659426));
#1698=CARTESIAN_POINT('Ctrl Pts',(6.6576950136398,-0.845729319286856,-1.40235355107425));
#1699=CARTESIAN_POINT('Ctrl Pts',(6.68064180434378,-0.387163913124342,-1.75622816767873));
#1700=CARTESIAN_POINT('Ctrl Pts',(6.68566057010294,-0.28678859794123,1.62531877459949));
#1701=CARTESIAN_POINT('Ctrl Pts',(6.67149007395758,-0.570198520848442,1.40746978708342));
#1702=CARTESIAN_POINT('Ctrl Pts',(6.64905092033645,-1.01898159327094,0.821407148616799));
#1703=CARTESIAN_POINT('Ctrl Pts',(6.64041028060946,-1.19179438781079,-0.46517140532982));
#1704=CARTESIAN_POINT('Ctrl Pts',(6.6644048258849,-0.711903482302086,-1.29854529332534));
#1705=CARTESIAN_POINT('Ctrl Pts',(6.68566057010294,-0.286788597941277,-1.62531877459946));
#1706=CARTESIAN_POINT('',(5.9365963159445,-0.706409308789408,-2.21994759025262));
#1707=CARTESIAN_POINT('Origin',(5.99906308595128,1.00000001490116,0.));
#1708=CARTESIAN_POINT('',(6.68566057010294,-0.286788597941294,-1.62531877459945));
#1709=CARTESIAN_POINT('Origin',(5.93659631594455,-0.249335385233375,-1.62531877459945));
#1710=CARTESIAN_POINT('',(6.68566057010294,-0.28678859794123,1.62531877459949));
#1711=CARTESIAN_POINT('Origin',(6.74812734010966,0.962546802193242,0.));
#1712=CARTESIAN_POINT('',(5.93659631594455,-0.70640930878937,2.21994759025265));
#1713=CARTESIAN_POINT('Origin',(5.93659631594455,-0.249335385233311,1.62531877459949));
#1714=CARTESIAN_POINT('Origin',(5.99906308595128,1.00000001490116,0.));
#1715=CARTESIAN_POINT('Origin',(0.,1.00000001490116,0.));
#1716=CARTESIAN_POINT('Ctrl Pts',(5.93659404673867,-0.706407153043278,-2.2199515336707));
#1717=CARTESIAN_POINT('Ctrl Pts',(5.88460490628173,-0.729150669164102,-2.20246802506669));
#1718=CARTESIAN_POINT('Ctrl Pts',(5.8325933681016,-0.751604886405133,-2.184651129608));
#1719=CARTESIAN_POINT('Ctrl Pts',(5.78056758311009,-0.773764570295021,-2.16650854596753));
#1720=CARTESIAN_POINT('Ctrl Pts',(6.35197147498735,0.100131364757751,-3.137725627809));
#1721=CARTESIAN_POINT('Ctrl Pts',(6.02608769254903,-0.122792196058494,-3.02304605378913));
#1722=CARTESIAN_POINT('Ctrl Pts',(5.69718653970893,-0.330540317215154,-2.88619220120531));
#1723=CARTESIAN_POINT('Ctrl Pts',(5.36766989860223,-0.52101963886666,-2.73024290869664));
#1724=CARTESIAN_POINT('Ctrl Pts',(6.46498456566793,0.0830824311444198,-2.84971858951021));
#1725=CARTESIAN_POINT('Ctrl Pts',(6.13994187886603,-0.134024012601558,-2.75548824571012));
#1726=CARTESIAN_POINT('Ctrl Pts',(5.80956426345229,-0.336720843894133,-2.63789966426746));
#1727=CARTESIAN_POINT('Ctrl Pts',(5.47762306533795,-0.523989509056077,-2.50154229230403));
#1728=CARTESIAN_POINT('Ctrl Pts',(6.65165657915424,-0.0624760824475883,
-2.60220319789976));
#1729=CARTESIAN_POINT('Ctrl Pts',(6.31405831842769,-0.259665469885448,-2.52096504949621));
#1730=CARTESIAN_POINT('Ctrl Pts',(5.97191063312774,-0.444813247159628,-2.41712716773516));
#1731=CARTESIAN_POINT('Ctrl Pts',(5.62868168776345,-0.616456245003273,-2.29530006948973));
#1732=CARTESIAN_POINT('Ctrl Pts',(6.84058466537099,-0.280867416931104,-2.48985515753787));
#1733=CARTESIAN_POINT('Ctrl Pts',(6.48963289966819,-0.457762226571489,-2.39885436183191));
#1734=CARTESIAN_POINT('Ctrl Pts',(6.13543165814807,-0.622614986910484,-2.29025778230156));
#1735=CARTESIAN_POINT('Ctrl Pts',(5.78056758311009,-0.773764570295021,-2.16650854596753));
#1736=CARTESIAN_POINT('',(6.35197147498734,0.100131364757745,-3.13772562780899));
#1737=CARTESIAN_POINT('Ctrl Pts',(5.39370513269987,-0.505933130319036,-2.74252535247406));
#1738=CARTESIAN_POINT('Ctrl Pts',(5.7145097308572,-0.319586394969005,-2.89338576877644));
#1739=CARTESIAN_POINT('Ctrl Pts',(6.03467086279244,-0.11692080577501,-3.0260664996054));
#1740=CARTESIAN_POINT('Ctrl Pts',(6.35197147498735,0.100131364757751,-3.137725627809));
#1741=CARTESIAN_POINT('Ctrl Pts',(5.93659631594453,-0.706409308789417,-2.21994759025261));
#1742=CARTESIAN_POINT('Ctrl Pts',(6.09437444088169,-0.366855394114585,-2.48095283580023));
#1743=CARTESIAN_POINT('Ctrl Pts',(6.2533778752702,-0.0551255041731988,-2.79798408584661));
#1744=CARTESIAN_POINT('Ctrl Pts',(6.35197147498734,0.10013136475775,-3.13772562780899));
#1745=CARTESIAN_POINT('Origin',(0.,11.,0.));
#1746=CARTESIAN_POINT('',(-6.35197147498735,0.100131364757751,-3.137725627809));
#1747=CARTESIAN_POINT('Ctrl Pts',(-6.35197147498735,0.100131364757751,-3.137725627809));
#1748=CARTESIAN_POINT('Ctrl Pts',(-6.03467086279276,-0.116920805774792,
-3.02606649960551));
#1749=CARTESIAN_POINT('Ctrl Pts',(-5.71450973085785,-0.319586394968595,
-2.89338576877671));
#1750=CARTESIAN_POINT('Ctrl Pts',(-5.39370513270084,-0.50593313031847,-2.74252535247452));
#1751=CARTESIAN_POINT('',(-6.4326306354085,1.71331457317457,-6.43263063540822));
#1752=CARTESIAN_POINT('Origin',(-6.87976549301692,10.6560117253492,0.));
#1753=CARTESIAN_POINT('',(6.43263063540817,1.71331457317432,-6.43263063540817));
#1754=CARTESIAN_POINT('Origin',(0.,10.6560117253492,-6.87976549301692));
#1755=CARTESIAN_POINT('Origin',(6.87976549301692,10.6560117253492,0.));
#1756=CARTESIAN_POINT('Ctrl Pts',(-5.36766989860223,-0.52101963886666,-2.73024290869663));
#1757=CARTESIAN_POINT('Ctrl Pts',(-5.69718653970893,-0.330540317215154,
-2.88619220120531));
#1758=CARTESIAN_POINT('Ctrl Pts',(-6.02608769254903,-0.122792196058495,
-3.02304605378913));
#1759=CARTESIAN_POINT('Ctrl Pts',(-6.35197147498735,0.100131364757751,-3.137725627809));
#1760=CARTESIAN_POINT('Ctrl Pts',(-5.47762306533795,-0.523989509056077,
-2.50154229230403));
#1761=CARTESIAN_POINT('Ctrl Pts',(-5.80956426345229,-0.336720843894133,
-2.63789966426746));
#1762=CARTESIAN_POINT('Ctrl Pts',(-6.13994187886603,-0.134024012601559,
-2.75548824571012));
#1763=CARTESIAN_POINT('Ctrl Pts',(-6.46498456566793,0.0830824311444199,
-2.84971858951021));
#1764=CARTESIAN_POINT('Ctrl Pts',(-5.62868168776346,-0.616456245003273,
-2.29530006948973));
#1765=CARTESIAN_POINT('Ctrl Pts',(-5.97191063312774,-0.444813247159628,
-2.41712716773516));
#1766=CARTESIAN_POINT('Ctrl Pts',(-6.31405831842769,-0.259665469885451,
-2.5209650494962));
#1767=CARTESIAN_POINT('Ctrl Pts',(-6.65165657915424,-0.0624760824475884,
-2.60220319789976));
#1768=CARTESIAN_POINT('Ctrl Pts',(-5.78056758311009,-0.773764570295021,
-2.16650854596753));
#1769=CARTESIAN_POINT('Ctrl Pts',(-6.13543165814808,-0.622614986910483,
-2.29025778230156));
#1770=CARTESIAN_POINT('Ctrl Pts',(-6.48963289966819,-0.457762226571492,
-2.39885436183191));
#1771=CARTESIAN_POINT('Ctrl Pts',(-6.84058466537099,-0.280867416931104,
-2.48985515753787));
#1772=CARTESIAN_POINT('',(-5.93659631594455,-0.70640930878937,-2.21994759025265));
#1773=CARTESIAN_POINT('Ctrl Pts',(-5.78056758311009,-0.773764570295021,
-2.16650854596753));
#1774=CARTESIAN_POINT('Ctrl Pts',(-5.83259336810162,-0.751604886405125,
-2.18465112960801));
#1775=CARTESIAN_POINT('Ctrl Pts',(-5.88460490628176,-0.729150669164086,
-2.2024680250667));
#1776=CARTESIAN_POINT('Ctrl Pts',(-5.93659404673873,-0.706407153043254,
-2.21995153367072));
#1777=CARTESIAN_POINT('Ctrl Pts',(-6.35197147498735,0.100131364757751,-3.137725627809));
#1778=CARTESIAN_POINT('Ctrl Pts',(-6.25338076733311,-0.0551209499969189,
-2.79799405154336));
#1779=CARTESIAN_POINT('Ctrl Pts',(-6.09436981274901,-0.366865354307533,
-2.48094517968881));
#1780=CARTESIAN_POINT('Ctrl Pts',(-5.93659631594456,-0.706409308789366,
-2.21994759025265));
#1781=CARTESIAN_POINT('Origin',(0.,1.00000001490116,0.));
#1782=CARTESIAN_POINT('Origin',(-5.99906308595128,1.00000001490116,0.));
#1783=CARTESIAN_POINT('Ctrl Pts',(-6.82019283995982,2.40385679919636,6.3208166705209));
#1784=CARTESIAN_POINT('Ctrl Pts',(-6.81416818609487,2.28336372189747,6.36875882395902));
#1785=CARTESIAN_POINT('Ctrl Pts',(-6.76243901829936,2.12039126618347,6.41357679770194));
#1786=CARTESIAN_POINT('Ctrl Pts',(-6.6259643972291,1.89351715526369,6.44586357127127));
#1787=CARTESIAN_POINT('Ctrl Pts',(-6.51816842311013,1.78114358494955,6.44332105892395));
#1788=CARTESIAN_POINT('Ctrl Pts',(-6.43646174113591,1.71632176389184,6.43312196820477));
#1789=CARTESIAN_POINT('Ctrl Pts',(-6.43454885056643,1.71481511006792,6.43287872123812));
#1790=CARTESIAN_POINT('Ctrl Pts',(-6.43263063540818,1.71331457317432,6.43263063540817));
#1791=CARTESIAN_POINT('Ctrl Pts',(-6.8198673306666,2.397346613332,6.45134589710129));
#1792=CARTESIAN_POINT('Ctrl Pts',(-6.79837507823456,2.26181296410193,6.48044775910884));
#1793=CARTESIAN_POINT('Ctrl Pts',(-6.73283366987465,2.10266329915218,6.49235282066065));
#1794=CARTESIAN_POINT('Ctrl Pts',(-6.59994497545994,1.88720966840044,6.48010187385506));
#1795=CARTESIAN_POINT('Ctrl Pts',(-6.5057618893712,1.78094867561716,6.45591936536673));
#1796=CARTESIAN_POINT('Ctrl Pts',(-6.43590730676029,1.71632010123075,6.43367993115322));
#1797=CARTESIAN_POINT('Ctrl Pts',(-6.43427049567811,1.71481511006784,6.43315707612633));
#1798=CARTESIAN_POINT('Ctrl Pts',(-6.43263063540818,1.71331457317432,6.43263063540817));
#1799=CARTESIAN_POINT('Ctrl Pts',(-6.71144759709143,2.38976251501125,6.71144759709144));
#1800=CARTESIAN_POINT('Ctrl Pts',(-6.69318898225521,2.2374229462417,6.69318898225522));
#1801=CARTESIAN_POINT('Ctrl Pts',(-6.63920379713082,2.08407958031287,6.63920379712999));
#1802=CARTESIAN_POINT('Ctrl Pts',(-6.54496169817484,1.88063023952732,6.54496169817445));
#1803=CARTESIAN_POINT('Ctrl Pts',(-6.48110976596942,1.78071773890272,6.48110976596718));
#1804=CARTESIAN_POINT('Ctrl Pts',(-6.43479277299174,1.71631897278682,6.43479277299249));
#1805=CARTESIAN_POINT('Ctrl Pts',(-6.43371378590147,1.71481511006768,6.43371378590274));
#1806=CARTESIAN_POINT('Ctrl Pts',(-6.43263063540818,1.71331457317432,6.43263063540817));
#1807=CARTESIAN_POINT('Ctrl Pts',(-6.45134589710129,2.397346613332,6.8198673306666));
#1808=CARTESIAN_POINT('Ctrl Pts',(-6.48044775910884,2.26181296410193,6.79837507823456));
#1809=CARTESIAN_POINT('Ctrl Pts',(-6.49235282066132,2.10266329915196,6.73283366987366));
#1810=CARTESIAN_POINT('Ctrl Pts',(-6.48010187385537,1.88720966840034,6.59994497545947));
#1811=CARTESIAN_POINT('Ctrl Pts',(-6.45591936536856,1.78094867561657,6.50576188936853));
#1812=CARTESIAN_POINT('Ctrl Pts',(-6.43367993115259,1.71632010123094,6.43590730676118));
#1813=CARTESIAN_POINT('Ctrl Pts',(-6.43315707612482,1.71481511006752,6.43427049567916));
#1814=CARTESIAN_POINT('Ctrl Pts',(-6.43263063540818,1.71331457317432,6.43263063540817));
#1815=CARTESIAN_POINT('Ctrl Pts',(-6.3208166705209,2.40385679919636,6.82019283995982));
#1816=CARTESIAN_POINT('Ctrl Pts',(-6.36875882395902,2.28336372189748,6.81416818609487));
#1817=CARTESIAN_POINT('Ctrl Pts',(-6.41357679770253,2.12039126618315,6.7624390182983));
#1818=CARTESIAN_POINT('Ctrl Pts',(-6.44586357127154,1.89351715526353,6.62596439722859));
#1819=CARTESIAN_POINT('Ctrl Pts',(-6.44332105892556,1.78114358494867,6.51816842310724));
#1820=CARTESIAN_POINT('Ctrl Pts',(-6.43312196820421,1.71632176389212,6.43646174113687));
#1821=CARTESIAN_POINT('Ctrl Pts',(-6.4328787212365,1.71481511006744,6.43454885056736));
#1822=CARTESIAN_POINT('Ctrl Pts',(-6.43263063540818,1.71331457317432,6.43263063540817));
#1823=CARTESIAN_POINT('',(-6.82019283995982,2.40385679919636,6.3208166705209));
#1824=CARTESIAN_POINT('',(-6.43263063540818,1.71331457317432,6.43263063540817));
#1825=CARTESIAN_POINT('Ctrl Pts',(-6.82019283995982,2.40385679919636,6.3208166705209));
#1826=CARTESIAN_POINT('Ctrl Pts',(-6.81416818609487,2.28336372189747,6.36875882395902));
#1827=CARTESIAN_POINT('Ctrl Pts',(-6.76243901829936,2.12039126618347,6.41357679770194));
#1828=CARTESIAN_POINT('Ctrl Pts',(-6.6259643972291,1.89351715526369,6.44586357127127));
#1829=CARTESIAN_POINT('Ctrl Pts',(-6.51816842311013,1.78114358494955,6.44332105892395));
#1830=CARTESIAN_POINT('Ctrl Pts',(-6.43646174113591,1.71632176389184,6.43312196820477));
#1831=CARTESIAN_POINT('Ctrl Pts',(-6.43454885056643,1.71481511006792,6.43287872123812));
#1832=CARTESIAN_POINT('Ctrl Pts',(-6.43263063540818,1.71331457317432,6.43263063540817));
#1833=CARTESIAN_POINT('',(-6.3208166705209,2.40385679919636,6.82019283995982));
#1834=CARTESIAN_POINT('Ctrl Pts',(-6.43263063540818,1.71331457317432,6.43263063540817));
#1835=CARTESIAN_POINT('Ctrl Pts',(-6.4328787212365,1.71481511006744,6.43454885056736));
#1836=CARTESIAN_POINT('Ctrl Pts',(-6.43312196820421,1.71632176389212,6.43646174113687));
#1837=CARTESIAN_POINT('Ctrl Pts',(-6.44332105892556,1.78114358494867,6.51816842310724));
#1838=CARTESIAN_POINT('Ctrl Pts',(-6.44586357127154,1.89351715526353,6.62596439722859));
#1839=CARTESIAN_POINT('Ctrl Pts',(-6.41357679770253,2.12039126618315,6.7624390182983));
#1840=CARTESIAN_POINT('Ctrl Pts',(-6.36875882395902,2.28336372189748,6.81416818609487));
#1841=CARTESIAN_POINT('Ctrl Pts',(-6.3208166705209,2.40385679919636,6.82019283995982));
#1842=CARTESIAN_POINT('Origin',(-6.3208166705209,2.42882560766831,6.3208166705209));
#1843=CARTESIAN_POINT('Ctrl Pts',(6.32081667052089,2.40385679919637,6.82019283995982));
#1844=CARTESIAN_POINT('Ctrl Pts',(6.36875875192665,2.28336390293653,6.81416819514683));
#1845=CARTESIAN_POINT('Ctrl Pts',(6.4135767304734,2.12039151130809,6.76243909615028));
#1846=CARTESIAN_POINT('Ctrl Pts',(6.44586352071359,1.89351776153835,6.62596483878576));
#1847=CARTESIAN_POINT('Ctrl Pts',(6.44332109329906,1.78114426237435,6.51816911504123));
#1848=CARTESIAN_POINT('Ctrl Pts',(6.43312204283806,1.71632222662744,6.43646232848105));
#1849=CARTESIAN_POINT('Ctrl Pts',(6.43287875931497,1.71481534037947,6.43454914498667));
#1850=CARTESIAN_POINT('Ctrl Pts',(6.43263063540822,1.71331457317457,6.4326306354085));
#1851=CARTESIAN_POINT('Ctrl Pts',(6.45134589710129,2.39734661333201,6.8198673306666));
#1852=CARTESIAN_POINT('Ctrl Pts',(6.48044771538373,2.26181316773922,6.79837511052635));
#1853=CARTESIAN_POINT('Ctrl Pts',(6.49235280240425,2.10266353580617,6.73283376639623));
#1854=CARTESIAN_POINT('Ctrl Pts',(6.48010194075129,1.88721024147739,6.59994538223439));
#1855=CARTESIAN_POINT('Ctrl Pts',(6.45591952732896,1.78094932660493,6.50576248925122));
#1856=CARTESIAN_POINT('Ctrl Pts',(6.43368009167173,1.71632056339057,6.43590780921835));
#1857=CARTESIAN_POINT('Ctrl Pts',(6.43315715692681,1.71481534037953,6.43427074737492));
#1858=CARTESIAN_POINT('Ctrl Pts',(6.43263063540827,1.71331457317457,6.43263063540845));
#1859=CARTESIAN_POINT('Ctrl Pts',(6.71144759709144,2.38976251501126,6.71144759709144));
#1860=CARTESIAN_POINT('Ctrl Pts',(6.69318900968851,2.23742317512963,6.69318900968851));
#1861=CARTESIAN_POINT('Ctrl Pts',(6.639203873528,2.08407980639875,6.63920387352655));
#1862=CARTESIAN_POINT('Ctrl Pts',(6.54496197718613,1.88063077953557,6.54496197718526));
#1863=CARTESIAN_POINT('Ctrl Pts',(6.48111016503117,1.78071836349299,6.48111016502733));
#1864=CARTESIAN_POINT('Ctrl Pts',(6.43479310461521,1.71631943444203,6.43479310461579));
#1865=CARTESIAN_POINT('Ctrl Pts',(6.43371395215048,1.71481534037965,6.43371395215141));
#1866=CARTESIAN_POINT('Ctrl Pts',(6.43263063540836,1.71331457317457,6.43263063540836));
#1867=CARTESIAN_POINT('Ctrl Pts',(6.8198673306666,2.39734661333201,6.45134589710129));
#1868=CARTESIAN_POINT('Ctrl Pts',(6.79837511052635,2.26181316773922,6.48044771538373));
#1869=CARTESIAN_POINT('Ctrl Pts',(6.73283376639794,2.10266353580654,6.49235280240307));
#1870=CARTESIAN_POINT('Ctrl Pts',(6.59994538223541,1.88721024147761,6.48010194075059));
#1871=CARTESIAN_POINT('Ctrl Pts',(6.50576248925575,1.78094932660591,6.45591952732585));
#1872=CARTESIAN_POINT('Ctrl Pts',(6.43590780921765,1.71632056339041,6.43368009167221));
#1873=CARTESIAN_POINT('Ctrl Pts',(6.43427074737415,1.71481534037976,6.43315715692791));
#1874=CARTESIAN_POINT('Ctrl Pts',(6.43263063540846,1.71331457317457,6.43263063540827));
#1875=CARTESIAN_POINT('Ctrl Pts',(6.82019283995982,2.40385679919636,6.32081667052089));
#1876=CARTESIAN_POINT('Ctrl Pts',(6.81416819514683,2.28336390293653,6.36875875192665));
#1877=CARTESIAN_POINT('Ctrl Pts',(6.76243909615212,2.12039151130864,6.41357673047236));
#1878=CARTESIAN_POINT('Ctrl Pts',(6.62596483878686,1.89351776153868,6.44586352071296));
#1879=CARTESIAN_POINT('Ctrl Pts',(6.51816911504612,1.78114426237581,6.44332109329629));
#1880=CARTESIAN_POINT('Ctrl Pts',(6.4364623284803,1.71632222662721,6.43312204283848));
#1881=CARTESIAN_POINT('Ctrl Pts',(6.43454914498598,1.71481534037982,6.43287875931616));
#1882=CARTESIAN_POINT('Ctrl Pts',(6.4326306354085,1.71331457317457,6.43263063540822));
#1883=CARTESIAN_POINT('',(6.4326306354085,1.71331457317457,6.43263063540822));
#1884=CARTESIAN_POINT('Ctrl Pts',(6.32081667052089,2.40385679919637,6.82019283995982));
#1885=CARTESIAN_POINT('Ctrl Pts',(6.36875875192665,2.28336390293653,6.81416819514683));
#1886=CARTESIAN_POINT('Ctrl Pts',(6.4135767304734,2.12039151130809,6.76243909615028));
#1887=CARTESIAN_POINT('Ctrl Pts',(6.44586352071359,1.89351776153835,6.62596483878576));
#1888=CARTESIAN_POINT('Ctrl Pts',(6.44332109329906,1.78114426237435,6.51816911504123));
#1889=CARTESIAN_POINT('Ctrl Pts',(6.43312204283806,1.71632222662744,6.43646232848105));
#1890=CARTESIAN_POINT('Ctrl Pts',(6.43287875931497,1.71481534037947,6.43454914498667));
#1891=CARTESIAN_POINT('Ctrl Pts',(6.43263063540822,1.71331457317457,6.4326306354085));
#1892=CARTESIAN_POINT('Ctrl Pts',(6.4326306354085,1.71331457317457,6.43263063540822));
#1893=CARTESIAN_POINT('Ctrl Pts',(6.43454914498598,1.71481534037982,6.43287875931616));
#1894=CARTESIAN_POINT('Ctrl Pts',(6.4364623284803,1.71632222662721,6.43312204283848));
#1895=CARTESIAN_POINT('Ctrl Pts',(6.51816911504612,1.78114426237581,6.44332109329629));
#1896=CARTESIAN_POINT('Ctrl Pts',(6.62596483878686,1.89351776153868,6.44586352071296));
#1897=CARTESIAN_POINT('Ctrl Pts',(6.76243909615212,2.12039151130864,6.41357673047236));
#1898=CARTESIAN_POINT('Ctrl Pts',(6.81416819514683,2.28336390293653,6.36875875192665));
#1899=CARTESIAN_POINT('Ctrl Pts',(6.82019283995982,2.40385679919636,6.32081667052089));
#1900=CARTESIAN_POINT('Ctrl Pts',(6.82019283995982,2.40385679919636,-6.3208166705209));
#1901=CARTESIAN_POINT('Ctrl Pts',(6.81416818609488,2.28336372189754,-6.368758823959));
#1902=CARTESIAN_POINT('Ctrl Pts',(6.7624390182997,2.12039126618369,-6.41357679770175));
#1903=CARTESIAN_POINT('Ctrl Pts',(6.62596439722952,1.89351715526398,-6.44586357127111));
#1904=CARTESIAN_POINT('Ctrl Pts',(6.51816842311108,1.78114358494998,-6.44332105892359));
#1905=CARTESIAN_POINT('Ctrl Pts',(6.43646174113638,1.71632176389209,-6.43312196820465));
#1906=CARTESIAN_POINT('Ctrl Pts',(6.43454885056746,1.7148151100685,-6.43287872123793));
#1907=CARTESIAN_POINT('Ctrl Pts',(6.43263063540818,1.71331457317432,-6.43263063540817));
#1908=CARTESIAN_POINT('Ctrl Pts',(6.8198673306666,2.397346613332,-6.45134589710129));
#1909=CARTESIAN_POINT('Ctrl Pts',(6.79837507823457,2.261812964102,-6.48044775910883));
#1910=CARTESIAN_POINT('Ctrl Pts',(6.73283366987496,2.10266329915237,-6.49235282066046));
#1911=CARTESIAN_POINT('Ctrl Pts',(6.59994497546033,1.8872096684007,-6.48010187385492));
#1912=CARTESIAN_POINT('Ctrl Pts',(6.50576188937205,1.78094867561753,-6.45591936536636));
#1913=CARTESIAN_POINT('Ctrl Pts',(6.43590730676071,1.71632010123098,-6.43367993115311));
#1914=CARTESIAN_POINT('Ctrl Pts',(6.43427049567909,1.71481511006847,-6.43315707612625));
#1915=CARTESIAN_POINT('Ctrl Pts',(6.43263063540818,1.71331457317432,-6.43263063540817));
#1916=CARTESIAN_POINT('Ctrl Pts',(6.71144759709143,2.38976251501125,-6.71144759709144));
#1917=CARTESIAN_POINT('Ctrl Pts',(6.69318898225522,2.23742294624178,-6.69318898225523));
#1918=CARTESIAN_POINT('Ctrl Pts',(6.63920379713107,2.08407958031301,-6.63920379712981));
#1919=CARTESIAN_POINT('Ctrl Pts',(6.54496169817513,1.88063023952753,-6.54496169817435));
#1920=CARTESIAN_POINT('Ctrl Pts',(6.48110976597007,1.78071773890298,-6.48110976596679));
#1921=CARTESIAN_POINT('Ctrl Pts',(6.43479277299206,1.71631897278699,-6.43479277299242));
#1922=CARTESIAN_POINT('Ctrl Pts',(6.43371378590235,1.7148151100684,-6.43371378590289));
#1923=CARTESIAN_POINT('Ctrl Pts',(6.43263063540818,1.71331457317432,-6.43263063540818));
#1924=CARTESIAN_POINT('Ctrl Pts',(6.45134589710129,2.397346613332,-6.8198673306666));
#1925=CARTESIAN_POINT('Ctrl Pts',(6.48044775910883,2.26181296410201,-6.79837507823457));
#1926=CARTESIAN_POINT('Ctrl Pts',(6.49235282066149,2.10266329915206,-6.73283366987349));
#1927=CARTESIAN_POINT('Ctrl Pts',(6.48010187385556,1.88720966840051,-6.59994497545941));
#1928=CARTESIAN_POINT('Ctrl Pts',(6.45591936536906,1.78094867561671,-6.50576188936819));
#1929=CARTESIAN_POINT('Ctrl Pts',(6.43367993115282,1.71632010123107,-6.43590730676114));
#1930=CARTESIAN_POINT('Ctrl Pts',(6.43315707612561,1.71481511006833,-6.43427049567954));
#1931=CARTESIAN_POINT('Ctrl Pts',(6.43263063540817,1.71331457317432,-6.43263063540817));
#1932=CARTESIAN_POINT('Ctrl Pts',(6.3208166705209,2.40385679919636,-6.82019283995982));
#1933=CARTESIAN_POINT('Ctrl Pts',(6.36875882395899,2.28336372189754,-6.81416818609488));
#1934=CARTESIAN_POINT('Ctrl Pts',(6.41357679770267,2.12039126618322,-6.7624390182981));
#1935=CARTESIAN_POINT('Ctrl Pts',(6.44586357127168,1.8935171552637,-6.62596439722853));
#1936=CARTESIAN_POINT('Ctrl Pts',(6.44332105892599,1.78114358494877,-6.5181684231069));
#1937=CARTESIAN_POINT('Ctrl Pts',(6.43312196820439,1.71632176389223,-6.43646174113684));
#1938=CARTESIAN_POINT('Ctrl Pts',(6.43287872123723,1.7148151100683,-6.43454885056786));
#1939=CARTESIAN_POINT('Ctrl Pts',(6.43263063540817,1.71331457317432,-6.43263063540817));
#1940=CARTESIAN_POINT('',(6.82019283995982,2.40385679919636,-6.3208166705209));
#1941=CARTESIAN_POINT('Ctrl Pts',(6.82019283995982,2.40385679919636,-6.3208166705209));
#1942=CARTESIAN_POINT('Ctrl Pts',(6.81416818609488,2.28336372189754,-6.368758823959));
#1943=CARTESIAN_POINT('Ctrl Pts',(6.7624390182997,2.12039126618369,-6.41357679770175));
#1944=CARTESIAN_POINT('Ctrl Pts',(6.62596439722952,1.89351715526398,-6.44586357127111));
#1945=CARTESIAN_POINT('Ctrl Pts',(6.51816842311108,1.78114358494998,-6.44332105892359));
#1946=CARTESIAN_POINT('Ctrl Pts',(6.43646174113638,1.71632176389209,-6.43312196820465));
#1947=CARTESIAN_POINT('Ctrl Pts',(6.43454885056746,1.7148151100685,-6.43287872123793));
#1948=CARTESIAN_POINT('Ctrl Pts',(6.43263063540818,1.71331457317432,-6.43263063540817));
#1949=CARTESIAN_POINT('',(6.3208166705209,2.40385679919636,-6.82019283995982));
#1950=CARTESIAN_POINT('Ctrl Pts',(6.43263063540817,1.71331457317432,-6.43263063540817));
#1951=CARTESIAN_POINT('Ctrl Pts',(6.43287872123723,1.7148151100683,-6.43454885056786));
#1952=CARTESIAN_POINT('Ctrl Pts',(6.43312196820439,1.71632176389223,-6.43646174113684));
#1953=CARTESIAN_POINT('Ctrl Pts',(6.44332105892599,1.78114358494877,-6.5181684231069));
#1954=CARTESIAN_POINT('Ctrl Pts',(6.44586357127168,1.8935171552637,-6.62596439722853));
#1955=CARTESIAN_POINT('Ctrl Pts',(6.41357679770267,2.12039126618322,-6.7624390182981));
#1956=CARTESIAN_POINT('Ctrl Pts',(6.36875882395899,2.28336372189754,-6.81416818609488));
#1957=CARTESIAN_POINT('Ctrl Pts',(6.3208166705209,2.40385679919636,-6.82019283995982));
#1958=CARTESIAN_POINT('Origin',(6.3208166705209,2.42882560766831,-6.3208166705209));
#1959=CARTESIAN_POINT('Ctrl Pts',(-6.32081667052089,2.40385679919637,-6.82019283995982));
#1960=CARTESIAN_POINT('Ctrl Pts',(-6.36875875192665,2.28336390293653,-6.81416819514683));
#1961=CARTESIAN_POINT('Ctrl Pts',(-6.4135767304734,2.12039151130809,-6.76243909615028));
#1962=CARTESIAN_POINT('Ctrl Pts',(-6.44586352071359,1.89351776153835,-6.62596483878576));
#1963=CARTESIAN_POINT('Ctrl Pts',(-6.44332109329906,1.78114426237435,-6.51816911504123));
#1964=CARTESIAN_POINT('Ctrl Pts',(-6.43312204283806,1.71632222662744,-6.43646232848105));
#1965=CARTESIAN_POINT('Ctrl Pts',(-6.43287875931497,1.71481534037947,-6.43454914498667));
#1966=CARTESIAN_POINT('Ctrl Pts',(-6.43263063540822,1.71331457317457,-6.4326306354085));
#1967=CARTESIAN_POINT('Ctrl Pts',(-6.45134589710129,2.39734661333201,-6.8198673306666));
#1968=CARTESIAN_POINT('Ctrl Pts',(-6.48044771538373,2.26181316773922,-6.79837511052635));
#1969=CARTESIAN_POINT('Ctrl Pts',(-6.49235280240425,2.10266353580617,-6.73283376639623));
#1970=CARTESIAN_POINT('Ctrl Pts',(-6.48010194075129,1.88721024147739,-6.59994538223439));
#1971=CARTESIAN_POINT('Ctrl Pts',(-6.45591952732896,1.78094932660493,-6.50576248925122));
#1972=CARTESIAN_POINT('Ctrl Pts',(-6.43368009167173,1.71632056339057,-6.43590780921835));
#1973=CARTESIAN_POINT('Ctrl Pts',(-6.43315715692681,1.71481534037953,-6.43427074737492));
#1974=CARTESIAN_POINT('Ctrl Pts',(-6.43263063540827,1.71331457317457,-6.43263063540845));
#1975=CARTESIAN_POINT('Ctrl Pts',(-6.71144759709144,2.38976251501126,-6.71144759709144));
#1976=CARTESIAN_POINT('Ctrl Pts',(-6.69318900968851,2.23742317512963,-6.69318900968851));
#1977=CARTESIAN_POINT('Ctrl Pts',(-6.639203873528,2.08407980639875,-6.63920387352655));
#1978=CARTESIAN_POINT('Ctrl Pts',(-6.54496197718613,1.88063077953557,-6.54496197718526));
#1979=CARTESIAN_POINT('Ctrl Pts',(-6.48111016503117,1.78071836349299,-6.48111016502733));
#1980=CARTESIAN_POINT('Ctrl Pts',(-6.43479310461521,1.71631943444203,-6.43479310461579));
#1981=CARTESIAN_POINT('Ctrl Pts',(-6.43371395215048,1.71481534037965,-6.43371395215141));
#1982=CARTESIAN_POINT('Ctrl Pts',(-6.43263063540836,1.71331457317457,-6.43263063540836));
#1983=CARTESIAN_POINT('Ctrl Pts',(-6.8198673306666,2.39734661333201,-6.45134589710129));
#1984=CARTESIAN_POINT('Ctrl Pts',(-6.79837511052635,2.26181316773922,-6.48044771538373));
#1985=CARTESIAN_POINT('Ctrl Pts',(-6.73283376639794,2.10266353580654,-6.49235280240307));
#1986=CARTESIAN_POINT('Ctrl Pts',(-6.59994538223541,1.88721024147761,-6.48010194075059));
#1987=CARTESIAN_POINT('Ctrl Pts',(-6.50576248925575,1.78094932660591,-6.45591952732585));
#1988=CARTESIAN_POINT('Ctrl Pts',(-6.43590780921765,1.71632056339041,-6.43368009167221));
#1989=CARTESIAN_POINT('Ctrl Pts',(-6.43427074737415,1.71481534037976,-6.43315715692791));
#1990=CARTESIAN_POINT('Ctrl Pts',(-6.43263063540846,1.71331457317457,-6.43263063540827));
#1991=CARTESIAN_POINT('Ctrl Pts',(-6.82019283995982,2.40385679919636,-6.32081667052089));
#1992=CARTESIAN_POINT('Ctrl Pts',(-6.81416819514683,2.28336390293653,-6.36875875192665));
#1993=CARTESIAN_POINT('Ctrl Pts',(-6.76243909615212,2.12039151130864,-6.41357673047236));
#1994=CARTESIAN_POINT('Ctrl Pts',(-6.62596483878686,1.89351776153868,-6.44586352071296));
#1995=CARTESIAN_POINT('Ctrl Pts',(-6.51816911504612,1.78114426237581,-6.44332109329629));
#1996=CARTESIAN_POINT('Ctrl Pts',(-6.4364623284803,1.71632222662721,-6.43312204283848));
#1997=CARTESIAN_POINT('Ctrl Pts',(-6.43454914498598,1.71481534037982,-6.43287875931616));
#1998=CARTESIAN_POINT('Ctrl Pts',(-6.4326306354085,1.71331457317457,-6.43263063540822));
#1999=CARTESIAN_POINT('',(-6.32081667052089,2.40385679919637,-6.82019283995982));
#2000=CARTESIAN_POINT('Ctrl Pts',(-6.32081667052089,2.40385679919637,-6.82019283995982));
#2001=CARTESIAN_POINT('Ctrl Pts',(-6.36875875192665,2.28336390293653,-6.81416819514683));
#2002=CARTESIAN_POINT('Ctrl Pts',(-6.4135767304734,2.12039151130809,-6.76243909615028));
#2003=CARTESIAN_POINT('Ctrl Pts',(-6.44586352071359,1.89351776153835,-6.62596483878576));
#2004=CARTESIAN_POINT('Ctrl Pts',(-6.44332109329906,1.78114426237435,-6.51816911504123));
#2005=CARTESIAN_POINT('Ctrl Pts',(-6.43312204283806,1.71632222662744,-6.43646232848105));
#2006=CARTESIAN_POINT('Ctrl Pts',(-6.43287875931497,1.71481534037947,-6.43454914498667));
#2007=CARTESIAN_POINT('Ctrl Pts',(-6.43263063540822,1.71331457317457,-6.4326306354085));
#2008=CARTESIAN_POINT('',(-6.82019283995982,2.40385679919637,-6.32081667052089));
#2009=CARTESIAN_POINT('Ctrl Pts',(-6.4326306354085,1.71331457317457,-6.43263063540822));
#2010=CARTESIAN_POINT('Ctrl Pts',(-6.43454914498598,1.71481534037982,-6.43287875931616));
#2011=CARTESIAN_POINT('Ctrl Pts',(-6.4364623284803,1.71632222662721,-6.43312204283848));
#2012=CARTESIAN_POINT('Ctrl Pts',(-6.51816911504612,1.78114426237581,-6.44332109329629));
#2013=CARTESIAN_POINT('Ctrl Pts',(-6.62596483878686,1.89351776153868,-6.44586352071296));
#2014=CARTESIAN_POINT('Ctrl Pts',(-6.76243909615212,2.12039151130864,-6.41357673047236));
#2015=CARTESIAN_POINT('Ctrl Pts',(-6.81416819514683,2.28336390293653,-6.36875875192665));
#2016=CARTESIAN_POINT('Ctrl Pts',(-6.82019283995982,2.40385679919636,-6.32081667052089));
#2017=CARTESIAN_POINT('Origin',(-6.3208166705209,2.42882560766831,-6.32081667052089));
#2018=CARTESIAN_POINT('Ctrl Pts',(-6.734575836358,0.691516727159962,2.9567029954354));
#2019=CARTESIAN_POINT('Ctrl Pts',(-6.72662008159515,0.532401631902877,2.42007261132932));
#2020=CARTESIAN_POINT('Ctrl Pts',(-6.70783388877719,0.156677775543681,1.96619851328365));
#2021=CARTESIAN_POINT('Ctrl Pts',(-6.68566057010294,-0.286788597941294,
1.62531877459944));
#2022=CARTESIAN_POINT('Ctrl Pts',(-6.72765248465237,0.553049693047467,2.99786219265058));
#2023=CARTESIAN_POINT('Ctrl Pts',(-6.71956633553717,0.386537082241299,2.50818181659818));
#2024=CARTESIAN_POINT('Ctrl Pts',(-6.69946276188901,0.0101990906334187,
2.09652276913219));
#2025=CARTESIAN_POINT('Ctrl Pts',(-6.67896888242407,-0.420622351518707,
1.79986463203848));
#2026=CARTESIAN_POINT('Ctrl Pts',(-6.64033803873579,0.314911979606222,3.06976635316835));
#2027=CARTESIAN_POINT('Ctrl Pts',(-6.60951574682067,0.137059450158236,2.66185472974222));
#2028=CARTESIAN_POINT('Ctrl Pts',(-6.55424805842534,-0.238985748547317,
2.32559396180619));
#2029=CARTESIAN_POINT('Ctrl Pts',(-6.48708374371901,-0.643633604938699,
2.10247200473841));
#2030=CARTESIAN_POINT('Ctrl Pts',(-6.44659511146259,0.150565295397161,3.1213687416087));
#2031=CARTESIAN_POINT('Ctrl Pts',(-6.3686333118964,-0.0154463794917876,
2.76676452001844));
#2032=CARTESIAN_POINT('Ctrl Pts',(-6.23949841309417,-0.351788398083342,
2.45313864341184));
#2033=CARTESIAN_POINT('Ctrl Pts',(-6.1015051537067,-0.711592333876553,2.21596354920028));
#2034=CARTESIAN_POINT('Ctrl Pts',(-6.35197147498735,0.100131364757752,3.137725627809));
#2035=CARTESIAN_POINT('Ctrl Pts',(-6.2533778752702,-0.0551255041732026,
2.7979840858466));
#2036=CARTESIAN_POINT('Ctrl Pts',(-6.09437444088169,-0.366855394114556,
2.48095283580025));
#2037=CARTESIAN_POINT('Ctrl Pts',(-5.93659631594453,-0.706409308789417,
2.21994759025261));
#2038=CARTESIAN_POINT('',(-6.68566057010294,-0.286788597941294,1.62531877459944));
#2039=CARTESIAN_POINT('',(-5.9365963159445,-0.706409308789408,2.21994759025262));
#2040=CARTESIAN_POINT('Origin',(-5.93659631594455,-0.249335385233375,1.62531877459944));
#2041=CARTESIAN_POINT('',(-6.35197147498735,0.100131364757752,3.137725627809));
#2042=CARTESIAN_POINT('Ctrl Pts',(-5.93659631594453,-0.706409308789417,
2.21994759025261));
#2043=CARTESIAN_POINT('Ctrl Pts',(-6.09437444088169,-0.366855394114556,
2.48095283580025));
#2044=CARTESIAN_POINT('Ctrl Pts',(-6.2533778752702,-0.0551255041732026,
2.7979840858466));
#2045=CARTESIAN_POINT('Ctrl Pts',(-6.35197147498735,0.100131364757752,3.137725627809));
#2046=CARTESIAN_POINT('',(-6.734575836358,0.691516727159962,2.9567029954354));
#2047=CARTESIAN_POINT('Origin',(-5.98551158219962,0.728969939867882,2.9567029954354));
#2048=CARTESIAN_POINT('Ctrl Pts',(-6.734575836358,0.691516727159962,2.9567029954354));
#2049=CARTESIAN_POINT('Ctrl Pts',(-6.72662008159515,0.532401631902877,2.42007261132932));
#2050=CARTESIAN_POINT('Ctrl Pts',(-6.70783388877719,0.156677775543681,1.96619851328365));
#2051=CARTESIAN_POINT('Ctrl Pts',(-6.68566057010294,-0.286788597941294,
1.62531877459944));
#2052=CARTESIAN_POINT('Ctrl Pts',(-5.93659631594455,-0.70640930878937,-2.21994759025265));
#2053=CARTESIAN_POINT('Ctrl Pts',(-5.92242581979919,-1.09350578810407,-1.92239775422466));
#2054=CARTESIAN_POINT('Ctrl Pts',(-5.89998666617807,-1.70647778826816,-1.12192195690196));
#2055=CARTESIAN_POINT('Ctrl Pts',(-5.89134602645108,-1.94251477547278,0.635356064579292));
#2056=CARTESIAN_POINT('Ctrl Pts',(-5.91534057172651,-1.28705402776148,1.77362283621061));
#2057=CARTESIAN_POINT('Ctrl Pts',(-5.93659631594455,-0.706409308789433,
2.2199475902526));
#2058=CARTESIAN_POINT('Ctrl Pts',(-6.15647476629411,-0.713320008905546,
-2.2146355355162));
#2059=CARTESIAN_POINT('Ctrl Pts',(-6.14134499365778,-1.09881015350144,-1.9163471586275));
#2060=CARTESIAN_POINT('Ctrl Pts',(-6.11746315952916,-1.70736575700412,-1.11758100432261));
#2061=CARTESIAN_POINT('Ctrl Pts',(-6.10827873564297,-1.9412538646745,0.632898540943817));
#2062=CARTESIAN_POINT('Ctrl Pts',(-6.13378010733962,-1.29155522579944,1.76720297018309));
#2063=CARTESIAN_POINT('Ctrl Pts',(-6.1564747662941,-0.713320008905609,2.21463553551615));
#2064=CARTESIAN_POINT('Ctrl Pts',(-6.53769960473199,-0.615306972113343,
-2.06232813816218));
#2065=CARTESIAN_POINT('Ctrl Pts',(-6.5210371211414,-0.973246781713932,-1.78413160473639));
#2066=CARTESIAN_POINT('Ctrl Pts',(-6.4946982774411,-1.5383913180317,-1.03901297556519));
#2067=CARTESIAN_POINT('Ctrl Pts',(-6.48458197621156,-1.75535050131829,0.587983993276995));
#2068=CARTESIAN_POINT('Ctrl Pts',(-6.5127058793461,-1.15221668651427,1.64503333802343));
#2069=CARTESIAN_POINT('Ctrl Pts',(-6.53769960473199,-0.615306972113402,
2.06232813816214));
#2070=CARTESIAN_POINT('Ctrl Pts',(-6.68064180434379,-0.387163913124292,
-1.75622816767877));
#2071=CARTESIAN_POINT('Ctrl Pts',(-6.66534394387447,-0.692874183899306,
-1.52031175660913));
#2072=CARTESIAN_POINT('Ctrl Pts',(-6.64117266536738,-1.1764983006225,-0.886587107063583));
#2073=CARTESIAN_POINT('Ctrl Pts',(-6.63187571647457,-1.36253100713598,0.501951854659424));
#2074=CARTESIAN_POINT('Ctrl Pts',(-6.6576950136398,-0.845729319286855,1.40235355107425));
#2075=CARTESIAN_POINT('Ctrl Pts',(-6.68064180434378,-0.387163913124342,
1.75622816767873));
#2076=CARTESIAN_POINT('Ctrl Pts',(-6.68566057010294,-0.28678859794123,-1.62531877459949));
#2077=CARTESIAN_POINT('Ctrl Pts',(-6.67149007395758,-0.570198520848442,
-1.40746978708342));
#2078=CARTESIAN_POINT('Ctrl Pts',(-6.64905092033645,-1.01898159327094,-0.8214071486168));
#2079=CARTESIAN_POINT('Ctrl Pts',(-6.64041028060946,-1.19179438781079,0.46517140532982));
#2080=CARTESIAN_POINT('Ctrl Pts',(-6.6644048258849,-0.711903482302086,1.29854529332534));
#2081=CARTESIAN_POINT('Ctrl Pts',(-6.68566057010294,-0.286788597941277,
1.62531877459946));
#2082=CARTESIAN_POINT('Origin',(-5.99906308595128,1.00000001490116,0.));
#2083=CARTESIAN_POINT('',(-6.68566057010294,-0.28678859794123,-1.62531877459949));
#2084=CARTESIAN_POINT('Origin',(-6.74812734010966,0.962546802193242,0.));
#2085=CARTESIAN_POINT('Origin',(-5.93659631594455,-0.249335385233311,-1.62531877459949));
#2086=CARTESIAN_POINT('Ctrl Pts',(-6.68566057010294,-0.286788597941228,
-1.6253187745995));
#2087=CARTESIAN_POINT('Ctrl Pts',(-6.70783323836344,0.156664767268819,-1.96618851420008));
#2088=CARTESIAN_POINT('Ctrl Pts',(-6.72662031496266,0.532406299253159,-2.42008835240008));
#2089=CARTESIAN_POINT('Ctrl Pts',(-6.734575836358,0.691516727159962,-2.9567029954354));
#2090=CARTESIAN_POINT('Ctrl Pts',(-6.67896888242407,-0.420622351518643,
-1.79986463203853));
#2091=CARTESIAN_POINT('Ctrl Pts',(-6.69946216073855,0.0101864532744832,
-2.09651406720841));
#2092=CARTESIAN_POINT('Ctrl Pts',(-6.71956657272956,0.386541966584172,-2.50819618047635));
#2093=CARTESIAN_POINT('Ctrl Pts',(-6.72765248465237,0.553049693047467,-2.99786219265058));
#2094=CARTESIAN_POINT('Ctrl Pts',(-6.48708374371902,-0.643633604938639,
-2.10247200473844));
#2095=CARTESIAN_POINT('Ctrl Pts',(-6.55424608828302,-0.238997618151999,
-2.32558741693173));
#2096=CARTESIAN_POINT('Ctrl Pts',(-6.60951665093623,0.137064667136886,-2.66186669508361));
#2097=CARTESIAN_POINT('Ctrl Pts',(-6.64033803873579,0.314911979606222,-3.06976635316835));
#2098=CARTESIAN_POINT('Ctrl Pts',(-6.10150515370672,-0.711592333876499,
-2.21596354920031));
#2099=CARTESIAN_POINT('Ctrl Pts',(-6.23949436531433,-0.351798952273646,
-2.4531316863143));
#2100=CARTESIAN_POINT('Ctrl Pts',(-6.36863559876319,-0.0154415098429441,
-2.76677492168471));
#2101=CARTESIAN_POINT('Ctrl Pts',(-6.44659511146259,0.15056529539716,-3.1213687416087));
#2102=CARTESIAN_POINT('Ctrl Pts',(-5.93659631594456,-0.706409308789366,
-2.21994759025265));
#2103=CARTESIAN_POINT('Ctrl Pts',(-6.09436981274901,-0.366865354307533,
-2.48094517968881));
#2104=CARTESIAN_POINT('Ctrl Pts',(-6.25338076733311,-0.0551209499969189,
-2.79799405154336));
#2105=CARTESIAN_POINT('Ctrl Pts',(-6.35197147498735,0.100131364757751,-3.137725627809));
#2106=CARTESIAN_POINT('',(-6.734575836358,0.691516727159962,-2.9567029954354));
#2107=CARTESIAN_POINT('Origin',(-5.98551158219962,0.728969939867882,-2.9567029954354));
#2108=CARTESIAN_POINT('Ctrl Pts',(-6.68566057010294,-0.286788597941228,
-1.6253187745995));
#2109=CARTESIAN_POINT('Ctrl Pts',(-6.70783323836344,0.156664767268819,-1.96618851420008));
#2110=CARTESIAN_POINT('Ctrl Pts',(-6.72662031496266,0.532406299253159,-2.42008835240008));
#2111=CARTESIAN_POINT('Ctrl Pts',(-6.734575836358,0.691516727159962,-2.9567029954354));
#2112=CARTESIAN_POINT('Origin',(-6.48285594534286,10.6758572027329,0.));
#2113=CARTESIAN_POINT('Origin',(-7.23192019950125,10.6384039900249,0.));
#2114=CARTESIAN_POINT('Origin',(-6.48285594534286,10.6758572027329,0.));
#2115=CARTESIAN_POINT('Origin',(-7.23192019950125,10.6384039900249,0.));
#2116=CARTESIAN_POINT('Origin',(-6.87976549301692,10.6560117253492,0.));
#2117=CARTESIAN_POINT('Origin',(0.,10.6758572027329,-6.48285594534286));
#2118=CARTESIAN_POINT('Origin',(0.,10.6384039900249,-7.23192019950125));
#2119=CARTESIAN_POINT('Origin',(6.48285594534286,10.6758572027329,0.));
#2120=CARTESIAN_POINT('',(6.734575836358,0.691516727159958,-2.9567029954354));
#2121=CARTESIAN_POINT('Origin',(7.23192019950125,10.6384039900249,0.));
#2122=CARTESIAN_POINT('Origin',(5.98551158219961,0.728969939867877,-2.9567029954354));
#2123=CARTESIAN_POINT('Ctrl Pts',(6.734575836358,0.691516727159961,-2.95670299543539));
#2124=CARTESIAN_POINT('Ctrl Pts',(6.72662008159514,0.532401631902875,-2.42007261132932));
#2125=CARTESIAN_POINT('Ctrl Pts',(6.70783388877719,0.156677775543681,-1.96619851328365));
#2126=CARTESIAN_POINT('Ctrl Pts',(6.68566057010294,-0.286788597941294,-1.62531877459945));
#2127=CARTESIAN_POINT('Ctrl Pts',(6.72765248465237,0.553049693047466,-2.99786219265058));
#2128=CARTESIAN_POINT('Ctrl Pts',(6.71956633553717,0.386537082241299,-2.50818181659818));
#2129=CARTESIAN_POINT('Ctrl Pts',(6.69946276188901,0.0101990906334098,-2.09652276913218));
#2130=CARTESIAN_POINT('Ctrl Pts',(6.67896888242407,-0.420622351518707,-1.79986463203848));
#2131=CARTESIAN_POINT('Ctrl Pts',(6.64033803873578,0.31491197960622,-3.06976635316835));
#2132=CARTESIAN_POINT('Ctrl Pts',(6.60951574682067,0.137059450158237,-2.66185472974223));
#2133=CARTESIAN_POINT('Ctrl Pts',(6.55424805842533,-0.238985748547341,-2.32559396180617));
#2134=CARTESIAN_POINT('Ctrl Pts',(6.48708374371901,-0.643633604938699,-2.10247200473841));
#2135=CARTESIAN_POINT('Ctrl Pts',(6.44659511146259,0.150565295397159,-3.12136874160869));
#2136=CARTESIAN_POINT('Ctrl Pts',(6.3686333118964,-0.0154463794917841,-2.76676452001845));
#2137=CARTESIAN_POINT('Ctrl Pts',(6.23949841309417,-0.351788398083372,-2.45313864341182));
#2138=CARTESIAN_POINT('Ctrl Pts',(6.1015051537067,-0.711592333876552,-2.21596354920028));
#2139=CARTESIAN_POINT('Ctrl Pts',(6.35197147498734,0.10013136475775,-3.13772562780899));
#2140=CARTESIAN_POINT('Ctrl Pts',(6.2533778752702,-0.0551255041731988,-2.79798408584661));
#2141=CARTESIAN_POINT('Ctrl Pts',(6.09437444088169,-0.366855394114585,-2.48095283580023));
#2142=CARTESIAN_POINT('Ctrl Pts',(5.93659631594453,-0.706409308789417,-2.21994759025261));
#2143=CARTESIAN_POINT('Ctrl Pts',(6.734575836358,0.691516727159961,-2.95670299543539));
#2144=CARTESIAN_POINT('Ctrl Pts',(6.72662008159514,0.532401631902875,-2.42007261132932));
#2145=CARTESIAN_POINT('Ctrl Pts',(6.70783388877719,0.156677775543681,-1.96619851328365));
#2146=CARTESIAN_POINT('Ctrl Pts',(6.68566057010294,-0.286788597941294,-1.62531877459945));
#2147=CARTESIAN_POINT('Ctrl Pts',(6.68566057010294,-0.286788597941228,1.6253187745995));
#2148=CARTESIAN_POINT('Ctrl Pts',(6.70783323836344,0.156664767268819,1.96618851420008));
#2149=CARTESIAN_POINT('Ctrl Pts',(6.72662031496266,0.53240629925316,2.42008835240009));
#2150=CARTESIAN_POINT('Ctrl Pts',(6.734575836358,0.691516727159963,2.9567029954354));
#2151=CARTESIAN_POINT('Ctrl Pts',(6.67896888242407,-0.420622351518643,1.79986463203853));
#2152=CARTESIAN_POINT('Ctrl Pts',(6.69946216073855,0.0101864532744814,2.09651406720841));
#2153=CARTESIAN_POINT('Ctrl Pts',(6.71956657272956,0.386541966584162,2.50819618047631));
#2154=CARTESIAN_POINT('Ctrl Pts',(6.72765248465237,0.553049693047468,2.99786219265058));
#2155=CARTESIAN_POINT('Ctrl Pts',(6.48708374371902,-0.643633604938638,2.10247200473844));
#2156=CARTESIAN_POINT('Ctrl Pts',(6.55424608828302,-0.238997618152002,2.32558741693172));
#2157=CARTESIAN_POINT('Ctrl Pts',(6.60951665093623,0.137064667136856,2.66186669508351));
#2158=CARTESIAN_POINT('Ctrl Pts',(6.64033803873579,0.314911979606222,3.06976635316835));
#2159=CARTESIAN_POINT('Ctrl Pts',(6.10150515370672,-0.711592333876498,2.21596354920031));
#2160=CARTESIAN_POINT('Ctrl Pts',(6.23949436531433,-0.351798952273652,2.4531316863143));
#2161=CARTESIAN_POINT('Ctrl Pts',(6.36863559876319,-0.0154415098429889,
2.76677492168456));
#2162=CARTESIAN_POINT('Ctrl Pts',(6.44659511146259,0.150565295397161,3.1213687416087));
#2163=CARTESIAN_POINT('Ctrl Pts',(5.93659631594455,-0.706409308789366,2.21994759025265));
#2164=CARTESIAN_POINT('Ctrl Pts',(6.09436981274901,-0.366865354307539,2.4809451796888));
#2165=CARTESIAN_POINT('Ctrl Pts',(6.2533807673331,-0.0551209499969684,2.79799405154319));
#2166=CARTESIAN_POINT('Ctrl Pts',(6.35197147498735,0.100131364757751,3.137725627809));
#2167=CARTESIAN_POINT('',(6.734575836358,0.691516727159963,2.9567029954354));
#2168=CARTESIAN_POINT('',(6.35197147498735,0.100131364757752,3.137725627809));
#2169=CARTESIAN_POINT('Origin',(5.98551158219962,0.728969939867881,2.9567029954354));
#2170=CARTESIAN_POINT('Ctrl Pts',(6.35197147498735,0.100131364757751,3.137725627809));
#2171=CARTESIAN_POINT('Ctrl Pts',(6.2533807673331,-0.0551209499969684,2.79799405154319));
#2172=CARTESIAN_POINT('Ctrl Pts',(6.09436981274901,-0.366865354307539,2.4809451796888));
#2173=CARTESIAN_POINT('Ctrl Pts',(5.93659631594455,-0.706409308789366,2.21994759025265));
#2174=CARTESIAN_POINT('Ctrl Pts',(6.68566057010294,-0.286788597941228,1.6253187745995));
#2175=CARTESIAN_POINT('Ctrl Pts',(6.70783323836344,0.156664767268819,1.96618851420008));
#2176=CARTESIAN_POINT('Ctrl Pts',(6.72662031496266,0.53240629925316,2.42008835240009));
#2177=CARTESIAN_POINT('Ctrl Pts',(6.734575836358,0.691516727159963,2.9567029954354));
#2178=CARTESIAN_POINT('Origin',(6.48285594534286,10.6758572027329,0.));
#2179=CARTESIAN_POINT('Origin',(6.87976549301692,10.6560117253492,0.));
#2180=CARTESIAN_POINT('Origin',(7.23192019950125,10.6384039900249,0.));
#2181=CARTESIAN_POINT('Origin',(0.,10.6758572027329,6.48285594534286));
#2182=CARTESIAN_POINT('Origin',(0.,10.6560117253492,6.87976549301692));
#2183=CARTESIAN_POINT('Origin',(0.,10.6384039900249,7.23192019950125));
#2184=CARTESIAN_POINT('Origin',(0.,1.00000001490116,0.));
#2185=CARTESIAN_POINT('Ctrl Pts',(5.7805675831101,-0.773764570295018,2.16650854596753));
#2186=CARTESIAN_POINT('Ctrl Pts',(5.83259336810163,-0.751604886405119,2.18465112960802));
#2187=CARTESIAN_POINT('Ctrl Pts',(5.88460490628178,-0.729150669164079,2.2024680250667));
#2188=CARTESIAN_POINT('Ctrl Pts',(5.93659404673872,-0.706407153043254,2.21995153367072));
#2189=CARTESIAN_POINT('Ctrl Pts',(5.36766989860224,-0.521019638866656,2.73024290869664));
#2190=CARTESIAN_POINT('Ctrl Pts',(5.69718653970971,-0.330540317214701,2.88619220120568));
#2191=CARTESIAN_POINT('Ctrl Pts',(6.02608769255016,-0.122792196057724,3.02304605378953));
#2192=CARTESIAN_POINT('Ctrl Pts',(6.35197147498735,0.100131364757753,3.137725627809));
#2193=CARTESIAN_POINT('Ctrl Pts',(5.47762306533795,-0.523989509056074,2.50154229230403));
#2194=CARTESIAN_POINT('Ctrl Pts',(5.80956426345308,-0.336720843893687,2.63789966426778));
#2195=CARTESIAN_POINT('Ctrl Pts',(6.13994187886715,-0.134024012600808,2.75548824571044));
#2196=CARTESIAN_POINT('Ctrl Pts',(6.46498456566793,0.0830824311444221,2.84971858951021));
#2197=CARTESIAN_POINT('Ctrl Pts',(5.62868168776346,-0.61645624500327,2.29530006948973));
#2198=CARTESIAN_POINT('Ctrl Pts',(5.97191063312856,-0.444813247159218,2.41712716773545));
#2199=CARTESIAN_POINT('Ctrl Pts',(6.31405831842886,-0.259665469884768,2.52096504949649));
#2200=CARTESIAN_POINT('Ctrl Pts',(6.65165657915424,-0.0624760824475862,
2.60220319789976));
#2201=CARTESIAN_POINT('Ctrl Pts',(5.7805675831101,-0.773764570295018,2.16650854596753));
#2202=CARTESIAN_POINT('Ctrl Pts',(6.13543165814892,-0.622614986910123,2.29025778230186));
#2203=CARTESIAN_POINT('Ctrl Pts',(6.4896328996694,-0.457762226570879,2.39885436183222));
#2204=CARTESIAN_POINT('Ctrl Pts',(6.84058466537099,-0.280867416931102,2.48985515753787));
#2205=CARTESIAN_POINT('Ctrl Pts',(6.35197147498735,0.100131364757753,3.137725627809));
#2206=CARTESIAN_POINT('Ctrl Pts',(6.03467086279384,-0.116920805774055,3.02606649960589));
#2207=CARTESIAN_POINT('Ctrl Pts',(5.71450973085861,-0.319586394968151,2.89338576877707));
#2208=CARTESIAN_POINT('Ctrl Pts',(5.39370513270084,-0.505933130318467,2.74252535247452));
#2209=CARTESIAN_POINT('Origin',(0.,11.,0.));
#2210=CARTESIAN_POINT('Ctrl Pts',(-5.3937051326996,-0.505933130319189,2.74252535247394));
#2211=CARTESIAN_POINT('Ctrl Pts',(-5.71450973085778,-0.319586394968675,
2.89338576877672));
#2212=CARTESIAN_POINT('Ctrl Pts',(-6.03467086279343,-0.116920805774336,
3.02606649960574));
#2213=CARTESIAN_POINT('Ctrl Pts',(-6.35197147498735,0.100131364757752,3.137725627809));
#2214=CARTESIAN_POINT('Ctrl Pts',(-6.35197147498735,0.100131364757752,3.137725627809));
#2215=CARTESIAN_POINT('Ctrl Pts',(-6.02608769255015,-0.122792196057727,
3.02304605378952));
#2216=CARTESIAN_POINT('Ctrl Pts',(-5.69718653970971,-0.330540317214703,
2.88619220120568));
#2217=CARTESIAN_POINT('Ctrl Pts',(-5.36766989860223,-0.521019638866659,
2.73024290869664));
#2218=CARTESIAN_POINT('Ctrl Pts',(-6.46498456566793,0.0830824311444208,
2.84971858951021));
#2219=CARTESIAN_POINT('Ctrl Pts',(-6.13994187886715,-0.134024012600811,
2.75548824571044));
#2220=CARTESIAN_POINT('Ctrl Pts',(-5.80956426345307,-0.336720843893689,
2.63789966426778));
#2221=CARTESIAN_POINT('Ctrl Pts',(-5.47762306533795,-0.523989509056077,
2.50154229230403));
#2222=CARTESIAN_POINT('Ctrl Pts',(-6.65165657915424,-0.0624760824475876,
2.60220319789976));
#2223=CARTESIAN_POINT('Ctrl Pts',(-6.31405831842885,-0.259665469884771,
2.52096504949648));
#2224=CARTESIAN_POINT('Ctrl Pts',(-5.97191063312855,-0.444813247159221,
2.41712716773545));
#2225=CARTESIAN_POINT('Ctrl Pts',(-5.62868168776345,-0.616456245003273,
2.29530006948973));
#2226=CARTESIAN_POINT('Ctrl Pts',(-6.84058466537099,-0.280867416931104,
2.48985515753787));
#2227=CARTESIAN_POINT('Ctrl Pts',(-6.48963289966939,-0.457762226570883,
2.39885436183222));
#2228=CARTESIAN_POINT('Ctrl Pts',(-6.13543165814891,-0.622614986910125,
2.29025778230186));
#2229=CARTESIAN_POINT('Ctrl Pts',(-5.78056758311009,-0.773764570295021,
2.16650854596753));
#2230=CARTESIAN_POINT('Ctrl Pts',(-5.93659404673867,-0.706407153043277,
2.2199515336707));
#2231=CARTESIAN_POINT('Ctrl Pts',(-5.88460490628174,-0.729150669164095,
2.20246802506669));
#2232=CARTESIAN_POINT('Ctrl Pts',(-5.83259336810161,-0.751604886405128,
2.18465112960801));
#2233=CARTESIAN_POINT('Ctrl Pts',(-5.78056758311009,-0.773764570295021,
2.16650854596753));
#2234=CARTESIAN_POINT('Origin',(6.48445312451491,5.70155468754851,-6.48445312451491));
#2235=CARTESIAN_POINT('',(6.48445312451491,5.67658587907656,-6.98382929395383));
#2236=CARTESIAN_POINT('',(6.98382929395383,5.67658587907656,-6.48445312451491));
#2237=CARTESIAN_POINT('Origin',(7.,6.,-7.));
#2238=CARTESIAN_POINT('',(-6.48445312451491,5.67658587907656,-6.98382929395383));
#2239=CARTESIAN_POINT('Origin',(-6.48445312451491,5.70155468754851,-6.48445312451491));
#2240=CARTESIAN_POINT('',(-6.98382929395383,5.67658587907656,-6.48445312451491));
#2241=CARTESIAN_POINT('Origin',(-7.,6.,-7.));
#2242=CARTESIAN_POINT('',(-6.98382929395383,5.67658587907656,6.48445312451491));
#2243=CARTESIAN_POINT('',(-6.7,0.,-1.22464681739601E-16));
#2244=CARTESIAN_POINT('Origin',(-6.75000000074506,1.00000001490116,0.));
#2245=CARTESIAN_POINT('Origin',(0.,1.00000001490116,0.));
#2246=CARTESIAN_POINT('Origin',(7.,6.,7.));
#2247=CARTESIAN_POINT('',(6.7,0.,1.22464681739601E-16));
#2248=CARTESIAN_POINT('Origin',(6.75000000074506,1.00000001490116,0.));
#2249=CARTESIAN_POINT('Origin',(-6.48445312451491,5.70155468754851,6.48445312451491));
#2250=CARTESIAN_POINT('',(-6.48445312451491,5.67658587907656,6.98382929395383));
#2251=CARTESIAN_POINT('Origin',(-7.,6.,7.));
#2252=CARTESIAN_POINT('Origin',(0.,1.00000001490116,0.));
#2253=CARTESIAN_POINT('',(0.,0.,1.22464681739601E-16));
#2254=CARTESIAN_POINT('Origin',(-1.22124532708767E-14,-4.6,5.55111512312578E-16));
#2255=CARTESIAN_POINT('',(-4.,-4.6,-4.89858719658941E-16));
#2256=CARTESIAN_POINT('Origin',(0.,-4.6,0.));
#2257=CARTESIAN_POINT('Ctrl Pts',(0.,-9.9,3.83759485456495));
#2258=CARTESIAN_POINT('Ctrl Pts',(-3.83759485456495,-9.9,3.83759485456495));
#2259=CARTESIAN_POINT('Ctrl Pts',(-3.83759485456495,-9.9,0.));
#2260=CARTESIAN_POINT('Ctrl Pts',(-3.83759485456495,-9.9,-3.83759485456495));
#2261=CARTESIAN_POINT('Ctrl Pts',(0.,-9.9,-3.83759485456495));
#2262=CARTESIAN_POINT('Ctrl Pts',(3.83759485456495,-9.9,-3.83759485456495));
#2263=CARTESIAN_POINT('Ctrl Pts',(3.83759485456495,-9.9,0.));
#2264=CARTESIAN_POINT('Ctrl Pts',(3.83759485456495,-9.9,3.83759485456495));
#2265=CARTESIAN_POINT('Ctrl Pts',(0.,-9.9,3.83759485456495));
#2266=CARTESIAN_POINT('Ctrl Pts',(0.,-10.3322694851794,1.9431142397339));
#2267=CARTESIAN_POINT('Ctrl Pts',(-1.9431142397339,-10.3322694851794,1.9431142397339));
#2268=CARTESIAN_POINT('Ctrl Pts',(-1.9431142397339,-10.3322694851794,0.));
#2269=CARTESIAN_POINT('Ctrl Pts',(-1.9431142397339,-10.3322694851794,-1.9431142397339));
#2270=CARTESIAN_POINT('Ctrl Pts',(0.,-10.3322694851794,-1.9431142397339));
#2271=CARTESIAN_POINT('Ctrl Pts',(1.9431142397339,-10.3322694851794,-1.9431142397339));
#2272=CARTESIAN_POINT('Ctrl Pts',(1.9431142397339,-10.3322694851794,0.));
#2273=CARTESIAN_POINT('Ctrl Pts',(1.9431142397339,-10.3322694851794,1.9431142397339));
#2274=CARTESIAN_POINT('Ctrl Pts',(0.,-10.3322694851794,1.9431142397339));
#2275=CARTESIAN_POINT('Ctrl Pts',(0.,-10.3174115199345,-1.43982048506075E-15));
#2276=CARTESIAN_POINT('Ctrl Pts',(1.43982048506075E-15,-10.3174115199345,
-1.43982048506075E-15));
#2277=CARTESIAN_POINT('Ctrl Pts',(1.43982048506075E-15,-10.3174115199345,
0.));
#2278=CARTESIAN_POINT('Ctrl Pts',(1.43982048506075E-15,-10.3174115199345,
1.43982048506075E-15));
#2279=CARTESIAN_POINT('Ctrl Pts',(0.,-10.3174115199345,1.43982048506075E-15));
#2280=CARTESIAN_POINT('Ctrl Pts',(-1.43982048506075E-15,-10.3174115199345,
1.43982048506075E-15));
#2281=CARTESIAN_POINT('Ctrl Pts',(-1.43982048506075E-15,-10.3174115199345,
0.));
#2282=CARTESIAN_POINT('Ctrl Pts',(-1.43982048506075E-15,-10.3174115199345,
-1.43982048506075E-15));
#2283=CARTESIAN_POINT('Ctrl Pts',(0.,-10.3174115199345,-1.43982048506075E-15));
#2284=CARTESIAN_POINT('',(0.,-10.3174115199345,-1.11022302462516E-15));
#2285=CARTESIAN_POINT('',(-4.69969825506731E-16,-9.9,3.83759485456494));
#2286=CARTESIAN_POINT('Origin',(-1.56170132853273E-17,6.35990319460492,
0.127522590972356));
#2287=CARTESIAN_POINT('',(0.,-9.9,-3.83759485456493));
#2288=CARTESIAN_POINT('Origin',(0.,-9.9,-1.80521189048265E-15));
#2289=CARTESIAN_POINT('Origin',(0.,-9.9,-1.80521189048265E-15));
#2290=CARTESIAN_POINT('Origin',(0.,-6.6,0.));
#2291=CARTESIAN_POINT('',(6.,-6.6,0.));
#2292=CARTESIAN_POINT('',(-6.,-6.6,-7.34788079488412E-16));
#2293=CARTESIAN_POINT('Origin',(0.,-6.6,0.));
#2294=CARTESIAN_POINT('Origin',(0.,-6.6,0.));
#2295=CARTESIAN_POINT('',(-4.,-6.6,-4.89858719658941E-16));
#2296=CARTESIAN_POINT('Origin',(0.,-6.6,0.));
#2297=CARTESIAN_POINT('Origin',(0.,-8.25,-3.66373598126302E-16));
#2298=CARTESIAN_POINT('',(6.,-9.9,-7.32747196252603E-16));
#2299=CARTESIAN_POINT('',(-6.,-9.9,-1.46753527574102E-15));
#2300=CARTESIAN_POINT('Origin',(0.,-9.9,-7.32747196252603E-16));
#2301=CARTESIAN_POINT('Origin',(0.,-9.9,-7.32747196252603E-16));
#2302=CARTESIAN_POINT('',(-6.,-8.25,-1.10116167761471E-15));
#2303=CARTESIAN_POINT('Origin',(0.,-9.9,-7.32747196252603E-16));
#2304=CARTESIAN_POINT('Origin',(0.,-4.6,0.));
#2305=CARTESIAN_POINT('',(-4.,-4.6,-4.89858719658941E-16));
#2306=CARTESIAN_POINT('Origin',(-0.00252079140994343,6.,3.57158003529163));
#2307=CARTESIAN_POINT('',(-0.00252079140994343,6.,7.));
#2308=CARTESIAN_POINT('',(-0.00252079140994343,6.,3.57158003529163));
#2309=CARTESIAN_POINT('',(-0.00252079140994343,6.,1.78579001764582));
#2310=CARTESIAN_POINT('',(-0.00252079140994343,10.2,7.));
#2311=CARTESIAN_POINT('',(-0.00252079140994343,6.,7.));
#2312=CARTESIAN_POINT('',(-0.00252079140994343,10.2,3.57158003529163));
#2313=CARTESIAN_POINT('',(-0.00252079140994343,10.2,7.63339928795656));
#2314=CARTESIAN_POINT('',(-0.00252079140994343,6.,3.57158003529163));
#2315=CARTESIAN_POINT('Origin',(7.00000010430813,6.,3.57158003529163));
#2316=CARTESIAN_POINT('',(7.00000010430813,6.,3.57158003529163));
#2317=CARTESIAN_POINT('',(3.50000005215406,6.,3.57158003529163));
#2318=CARTESIAN_POINT('',(7.00000010430813,10.2,3.57158003529163));
#2319=CARTESIAN_POINT('',(-0.00252079140994343,10.2,3.57158003529163));
#2320=CARTESIAN_POINT('',(7.00000010430813,6.,3.57158003529163));
#2321=CARTESIAN_POINT('Origin',(7.00000010430813,6.,6.50062383056108));
#2322=CARTESIAN_POINT('',(7.00000010430813,10.2,7.));
#2323=CARTESIAN_POINT('',(7.00000010430813,6.,7.));
#2324=CARTESIAN_POINT('',(7.00000010430813,6.,7.));
#2325=CARTESIAN_POINT('',(7.,6.,7.));
#2326=CARTESIAN_POINT('',(7.00000010430813,10.2,3.57158003529163));
#2327=CARTESIAN_POINT('Origin',(-0.00252079140994343,6.,7.));
#2328=CARTESIAN_POINT('',(-6.50062383056108,10.2,7.));
#2329=CARTESIAN_POINT('',(-7.,6.,7.));
#2330=CARTESIAN_POINT('Origin',(3.49873965644909,10.2,5.28579001764582));
#2331=CARTESIAN_POINT('Origin',(3.49873965644909,6.,5.28579001764582));
#2332=UNCERTAINTY_MEASURE_WITH_UNIT(LENGTH_MEASURE(0.01),#2336,
'DISTANCE_ACCURACY_VALUE',
'Maximum model space distance between geometric entities at asserted c
onnectivities');
#2333=UNCERTAINTY_MEASURE_WITH_UNIT(LENGTH_MEASURE(0.01),#2336,
'DISTANCE_ACCURACY_VALUE',
'Maximum model space distance between geometric entities at asserted c
onnectivities');
#2334=(
GEOMETRIC_REPRESENTATION_CONTEXT(3)
GLOBAL_UNCERTAINTY_ASSIGNED_CONTEXT((#2332))
GLOBAL_UNIT_ASSIGNED_CONTEXT((#2336,#2338,#2339))
REPRESENTATION_CONTEXT('','3D')
);
#2335=(
GEOMETRIC_REPRESENTATION_CONTEXT(3)
GLOBAL_UNCERTAINTY_ASSIGNED_CONTEXT((#2333))
GLOBAL_UNIT_ASSIGNED_CONTEXT((#2336,#2338,#2339))
REPRESENTATION_CONTEXT('','3D')
);
#2336=(
LENGTH_UNIT()
NAMED_UNIT(*)
SI_UNIT(.MILLI.,.METRE.)
);
#2337=(
LENGTH_UNIT()
NAMED_UNIT(*)
SI_UNIT($,.METRE.)
);
#2338=(
NAMED_UNIT(*)
PLANE_ANGLE_UNIT()
SI_UNIT($,.RADIAN.)
);
#2339=(
NAMED_UNIT(*)
SI_UNIT($,.STERADIAN.)
SOLID_ANGLE_UNIT()
);
#2340=SHAPE_DEFINITION_REPRESENTATION(#2341,#2342);
#2341=PRODUCT_DEFINITION_SHAPE('',$,#2344);
#2342=SHAPE_REPRESENTATION('',(#953),#2334);
#2343=PRODUCT_DEFINITION_CONTEXT('part definition',#2348,'design');
#2344=PRODUCT_DEFINITION('(Unsaved)','(Unsaved)',#2345,#2343);
#2345=PRODUCT_DEFINITION_FORMATION('',$,#2350);
#2346=PRODUCT_RELATED_PRODUCT_CATEGORY('(Unsaved)','(Unsaved)',(#2350));
#2347=APPLICATION_PROTOCOL_DEFINITION('international standard',
'automotive_design',2009,#2348);
#2348=APPLICATION_CONTEXT(
'Core Data for Automotive Mechanical Design Process');
#2349=PRODUCT_CONTEXT('part definition',#2348,'mechanical');
#2350=PRODUCT('(Unsaved)','(Unsaved)',$,(#2349));
#2351=PRESENTATION_STYLE_ASSIGNMENT((#2354));
#2352=PRESENTATION_STYLE_ASSIGNMENT((#2355));
#2353=PRESENTATION_STYLE_ASSIGNMENT((#2356));
#2354=SURFACE_STYLE_USAGE(.BOTH.,#2357);
#2355=SURFACE_STYLE_USAGE(.BOTH.,#2358);
#2356=SURFACE_STYLE_USAGE(.BOTH.,#2359);
#2357=SURFACE_SIDE_STYLE('',(#2360));
#2358=SURFACE_SIDE_STYLE('',(#2361));
#2359=SURFACE_SIDE_STYLE('',(#2362));
#2360=SURFACE_STYLE_FILL_AREA(#2363);
#2361=SURFACE_STYLE_FILL_AREA(#2364);
#2362=SURFACE_STYLE_FILL_AREA(#2365);
#2363=FILL_AREA_STYLE('Steel - Satin',(#2366));
#2364=FILL_AREA_STYLE('Plastic - Translucent Glossy (Yellow)',(#2367));
#2365=FILL_AREA_STYLE('ABS (White)',(#2368));
#2366=FILL_AREA_STYLE_COLOUR('Steel - Satin',#2369);
#2367=FILL_AREA_STYLE_COLOUR('Plastic - Translucent Glossy (Yellow)',#2370);
#2368=FILL_AREA_STYLE_COLOUR('ABS (White)',#2371);
#2369=COLOUR_RGB('Steel - Satin',0.627450980392157,0.627450980392157,0.627450980392157);
#2370=COLOUR_RGB('Plastic - Translucent Glossy (Yellow)',0.909803921568627,
0.67843137254902,0.137254901960784);
#2371=COLOUR_RGB('ABS (White)',0.964705882352941,0.964705882352941,0.952941176470588);
ENDSEC;
END-ISO-10303-21;
